{"type":"Topology","bbox":[120.41677756800004,23.738314738000042,120.51334269400002,23.820709729000043],"transform":{"scale":[0.000058418104053220286,0.00005733819832985457],"translate":[120.41677756800004,23.738314738000042]},"arcs":[[[991,730],[-183,-4]],[[808,726],[24,177],[-5,44]],[[827,947],[65,10]],[[892,957],[196,4]],[[1088,961],[-97,-231]],[[1148,1188],[-28,-124],[-32,-103]],[[892,957],[-63,123]],[[829,1080],[50,69],[39,-12],[-23,141]],[[895,1278],[106,-45],[147,-45]],[[827,947],[-11,0]],[[816,947],[-15,110],[-28,20]],[[773,1077],[39,1]],[[812,1078],[17,2]],[[699,909],[1,43],[30,7],[-3,117]],[[727,1076],[46,1]],[[816,947],[-117,-38]],[[812,1078],[-17,61],[32,30],[27,125]],[[854,1294],[41,-16]],[[825,1306],[29,-12]],[[773,1077],[-23,70],[44,39],[31,120]],[[727,1076],[0,79],[35,178]],[[762,1333],[63,-27]],[[704,1357],[58,-24]],[[727,1076],[-42,-8]],[[685,1068],[-12,76],[8,85],[23,128]],[[685,1068],[-79,-11],[4,-100]],[[610,957],[-22,-1]],[[588,956],[-99,-5]],[[489,951],[38,185],[38,36],[2,54],[34,-11],[52,153]],[[653,1368],[51,-11]],[[699,909],[-85,-18],[-4,66]],[[808,726],[-186,-8]],[[622,718],[-2,56],[-38,-1],[-24,35],[12,106],[18,42]],[[622,718],[2,-38]],[[624,680],[-76,-31],[-84,-9]],[[464,640],[-48,-18]],[[416,622],[-3,137],[28,16],[45,163]],[[486,938],[3,13]],[[486,938],[-40,-2]],[[446,936],[-5,72],[23,5],[-5,86]],[[459,1099],[-2,43],[-23,24],[45,34],[37,51],[77,63],[10,63]],[[603,1377],[50,-9]],[[446,936],[-105,6],[-37,-34],[-69,25],[-35,-14]],[[200,919],[3,98]],[[203,1017],[69,8],[16,18],[113,15],[58,41]],[[203,1017],[-7,42],[25,20],[13,248],[68,-15],[46,69],[105,23],[70,33],[80,-60]],[[345,584],[-67,-4],[-50,24]],[[228,604],[-121,46],[-14,46],[71,73],[-9,21],[55,43],[-10,86]],[[416,622],[-71,-38]],[[1162,785],[-110,-44],[-61,-11]],[[1148,1188],[249,-49],[48,-19],[151,-41],[57,-3],[-17,-34],[-75,-100],[-105,-154],[-28,-26],[-37,41],[-225,-6],[-4,-12]],[[762,621],[-61,68],[-77,-9]],[[1162,785],[-56,-40],[-77,-8],[-2,-30],[61,-110]],[[1088,597],[-3,-11],[-156,-7]],[[929,579],[-130,-7],[-5,50],[-32,-1]],[[879,390],[20,94],[30,95]],[[1088,597],[74,-64],[-73,-21],[5,-21],[-13,-108]],[[1081,383],[-202,7]],[[879,390],[-107,12],[-1,-29]],[[771,373],[-82,-13]],[[689,360],[8,121],[-17,22],[10,113],[72,5]],[[822,78],[-4,67],[-47,228]],[[1081,383],[0,-205],[13,-70],[-87,-12],[-37,32],[-78,-6],[-3,-46],[-67,2]],[[689,360],[-86,9]],[[603,369],[5,51],[-95,8],[9,82],[-57,5],[-22,54],[21,71]],[[345,584],[-14,-87],[73,-12],[-58,-92]],[[346,393],[-44,-70]],[[302,323],[-82,21],[7,22],[-78,19],[96,50],[31,79],[-48,90]],[[464,3],[-85,-3],[-99,22],[-47,-9]],[[233,13],[-4,107],[-21,90],[-23,-22]],[[185,188],[-14,95],[114,13],[17,27]],[[346,393],[7,-132],[53,4],[5,-93],[56,-7]],[[467,165],[-16,-97],[17,-16],[-4,-49]],[[233,13],[-84,12],[-46,35],[-9,31],[-86,6],[-8,82],[64,-4],[121,13]],[[603,369],[-15,-152],[-7,-16],[-108,10],[-6,-46]],[[822,78],[-140,6],[13,-83],[-231,2]]],"objects":{"map":{"type":"GeometryCollection","geometries":[{"arcs":[[0,1,2,3,4]],"type":"Polygon","properties":{"id":"1000904-001","name":"振興里"}},{"arcs":[[5,-4,6,7,8]],"type":"Polygon","properties":{"id":"1000904-002","name":"大園里"}},{"arcs":[[9,10,11,12,-7,-3]],"type":"Polygon","properties":{"id":"1000904-003","name":"廣福里"}},{"arcs":[[13,14,-11,15]],"type":"Polygon","properties":{"id":"1000904-004","name":"正興里"}},{"arcs":[[-8,-13,16,17]],"type":"Polygon","properties":{"id":"1000904-005","name":"永安里"}},{"arcs":[[18,-17,-12,19]],"type":"Polygon","properties":{"id":"1000904-006","name":"中和里"}},{"arcs":[[-20,-15,20,21]],"type":"Polygon","properties":{"id":"1000904-007","name":"福興里"}},{"arcs":[[22,-21,23,24]],"type":"Polygon","properties":{"id":"1000904-008","name":"光華里"}},{"arcs":[[-25,25,26,27,28,29]],"type":"Polygon","properties":{"id":"1000904-009","name":"中興里"}},{"arcs":[[30,-26,-24,-14]],"type":"Polygon","properties":{"id":"1000904-010","name":"漢光里"}},{"arcs":[[31,32,-27,-31,-16,-10,-2]],"type":"Polygon","properties":{"id":"1000904-011","name":"新安里"}},{"arcs":[[33,34,35,36,37,-28,-33]],"type":"Polygon","properties":{"id":"1000904-012","name":"新豐里"}},{"arcs":[[-38,38,39,40,41,-29]],"type":"Polygon","properties":{"id":"1000904-013","name":"詔安里"}},{"arcs":[[42,43,44,-40]],"type":"Polygon","properties":{"id":"1000904-014","name":"河南里"}},{"arcs":[[-41,-45,45]],"type":"Polygon","properties":{"id":"1000904-015","name":"安定里"}},{"arcs":[[46,47,-43,-39,-37,48]],"type":"Polygon","properties":{"id":"1000904-016","name":"福田里"}},{"arcs":[[49,-5,-6,50]],"type":"Polygon","properties":{"id":"1000904-017","name":"大新里"}},{"arcs":[[51,-34,-32,-1,-50,52,53,54]],"type":"Polygon","properties":{"id":"1000904-018","name":"埤頭里"}},{"arcs":[[55,-54,56,57]],"type":"Polygon","properties":{"id":"1000904-019","name":"東興里"}},{"arcs":[[-55,-56,58,59,60]],"type":"Polygon","properties":{"id":"1000904-020","name":"廣興里"}},{"arcs":[[61,-59,-58,62]],"type":"Polygon","properties":{"id":"1000904-021","name":"鹿場里"}},{"arcs":[[63,64,-35,-52,-61]],"type":"Polygon","properties":{"id":"1000904-022","name":"頂湳里"}},{"arcs":[[-47,65,66,67]],"type":"Polygon","properties":{"id":"1000904-023","name":"下湳里"}},{"arcs":[[68,69,70,-67,71,72]],"type":"Polygon","properties":{"id":"1000904-024","name":"九隆里"}},{"arcs":[[73,-70]],"type":"Polygon","properties":{"id":"1000904-025","name":"吳厝里"}},{"arcs":[[74,-72,-66,-49,-36,-65]],"type":"Polygon","properties":{"id":"1000904-026","name":"七座里"}},{"arcs":[[-64,-60,-62,75,-73,-75]],"type":"Polygon","properties":{"id":"1000904-027","name":"公舘里"}}]}}}