{"type":"Topology","bbox":[120.50733763700009,23.929397598000037,120.5658570810001,23.980013618000044],"transform":{"scale":[0.00004864459185370931,0.00004673686057249008],"translate":[120.50733763700009,23.929397598000037]},"arcs":[[[897,489],[-17,-42],[30,-77],[12,-87]],[[922,283],[-54,-12],[-32,18],[-140,-1]],[[696,288],[-34,32]],[[662,320],[16,154],[37,27],[182,-12]],[[451,689],[153,-27]],[[604,662],[28,-38]],[[632,624],[42,-57],[-48,-103],[0,-109]],[[626,355],[-39,28],[-72,-18]],[[515,365],[-25,-3]],[[490,362],[-11,44]],[[479,406],[-21,67],[-7,216]],[[875,577],[30,-84]],[[905,493],[-8,-4]],[[662,320],[-36,35]],[[632,624],[61,-3],[182,-44]],[[808,726],[-18,-18],[67,-74],[18,-57]],[[604,662],[-8,73],[15,90]],[[611,825],[8,77]],[[619,902],[84,-5],[63,104],[55,-15],[-3,-43],[-66,-108],[11,-61],[45,-48]],[[808,726],[81,-27],[149,-78],[43,9]],[[1081,630],[-34,-74],[12,-55],[-25,-49]],[[1034,452],[-39,15],[-65,-5]],[[930,462],[-25,31]],[[1081,630],[61,-28],[18,-125]],[[1160,477],[-90,-31],[-36,6]],[[1160,477],[43,-26],[-56,-102],[-25,10]],[[1122,359],[-192,103]],[[922,283],[27,-3],[112,-80],[43,73]],[[1104,273],[9,-91],[-70,0],[-70,-37],[-57,-68],[-154,8]],[[762,85],[-49,48],[-22,128]],[[691,261],[5,27]],[[1122,359],[-23,-20],[5,-66]],[[691,261],[-44,-73],[-49,-12],[-74,-48]],[[524,128],[-10,29]],[[514,157],[50,33],[-21,121],[-28,54]],[[762,85],[-7,-34],[-139,-51],[-67,48],[-25,80]],[[479,406],[-58,-26],[-75,-13],[-75,33]],[[271,400],[-25,71],[35,28],[-13,72],[6,79],[-19,93]],[[255,743],[38,-18],[141,7],[17,-43]],[[490,362],[-74,-54],[-46,-3],[-30,-45],[33,-18],[14,-69]],[[387,173],[-89,-25],[-61,29]],[[237,177],[-7,117]],[[230,294],[5,47],[42,-4],[-6,63]],[[514,157],[-127,16]],[[109,319],[121,-25]],[[237,177],[-53,-50],[59,-81],[-62,-1],[-94,-40],[-87,49],[29,41],[-10,77],[43,84],[47,63]],[[165,770],[90,-27]],[[109,319],[8,94],[-19,31],[5,82],[51,42],[20,49],[-13,92],[4,61]],[[400,951],[20,-53],[191,-73]],[[255,743],[42,24],[0,137],[-44,28]],[[253,932],[147,19]],[[131,971],[59,-40],[63,1]],[[165,770],[-97,72],[11,113],[52,16]],[[379,1038],[73,-11],[66,11],[37,-87],[64,-49]],[[400,951],[-21,87]],[[131,971],[-40,112],[93,-57],[39,11],[80,-12],[76,13]]],"objects":{"map":{"type":"GeometryCollection","geometries":[{"arcs":[[0,1,2,3]],"type":"Polygon","properties":{"id":"1000715-001","name":"東門村"}},{"arcs":[[4,5,6,7,8,9,10]],"type":"Polygon","properties":{"id":"1000715-002","name":"埔心村"}},{"arcs":[[11,12,-4,13,-7,14]],"type":"Polygon","properties":{"id":"1000715-003","name":"義民村"}},{"arcs":[[15,-15,-6,16,17,18]],"type":"Polygon","properties":{"id":"1000715-004","name":"油車村"}},{"arcs":[[19,20,21,22,-12,-16]],"type":"Polygon","properties":{"id":"1000715-005","name":"瓦北村"}},{"arcs":[[23,24,-21]],"type":"Polygon","properties":{"id":"1000715-006","name":"瓦中村"}},{"arcs":[[25,26,-22,-25]],"type":"Polygon","properties":{"id":"1000715-007","name":"瓦南村"}},{"arcs":[[-2,27,28,29,30]],"type":"Polygon","properties":{"id":"1000715-008","name":"太平村"}},{"arcs":[[-23,-27,31,-28,-1,-13]],"type":"Polygon","properties":{"id":"1000715-009","name":"經口村"}},{"arcs":[[-8,-14,-3,-31,32,33,34]],"type":"Polygon","properties":{"id":"1000715-010","name":"大華村"}},{"arcs":[[-30,35,-33]],"type":"Polygon","properties":{"id":"1000715-011","name":"仁里村"}},{"arcs":[[-11,36,37,38]],"type":"Polygon","properties":{"id":"1000715-012","name":"舊舘村"}},{"arcs":[[-37,-10,39,40,41,42]],"type":"Polygon","properties":{"id":"1000715-013","name":"南舘村"}},{"arcs":[[-9,-35,43,-40]],"type":"Polygon","properties":{"id":"1000715-014","name":"新舘村"}},{"arcs":[[44,-42,45]],"type":"Polygon","properties":{"id":"1000715-015","name":"羅厝村"}},{"arcs":[[46,-38,-43,-45,47]],"type":"Polygon","properties":{"id":"1000715-016","name":"芎蕉村"}},{"arcs":[[48,-17,-5,-39,49,50]],"type":"Polygon","properties":{"id":"1000715-017","name":"二重村"}},{"arcs":[[51,-50,-47,52]],"type":"Polygon","properties":{"id":"1000715-018","name":"梧鳳村"}},{"arcs":[[53,-18,-49,54]],"type":"Polygon","properties":{"id":"1000715-019","name":"埤霞村"}},{"arcs":[[-55,-51,-52,55]],"type":"Polygon","properties":{"id":"1000715-020","name":"埤脚村"}}]}}}