{"type":"Topology","bbox":[120.494546216,23.900820770000053,120.57688372500002,23.938440574000083],"transform":{"scale":[0.000049962080703891195,0.0000460462717258634],"translate":[120.494546216,23.900820770000053]},"arcs":[[[1091,489],[8,-49]],[[1099,440],[-66,-49]],[[1033,391],[-19,51]],[[1014,442],[77,47]],[[1061,533],[30,-44]],[[1014,442],[-11,34]],[[1003,476],[-10,33],[68,24]],[[1033,391],[-71,-33],[-1,-80],[-79,25]],[[882,303],[4,102]],[[886,405],[117,71]],[[886,405],[-6,13]],[[880,418],[-36,82],[-18,127]],[[826,627],[29,-6],[157,54]],[[1012,675],[49,-142]],[[1099,440],[-6,-8]],[[1093,432],[-46,-105],[19,-18],[-28,-66],[-6,-54]],[[1032,189],[-75,-13],[-69,51]],[[888,227],[-6,76]],[[1032,189],[5,-54]],[[1037,135],[16,-114],[-140,-21],[-45,20],[14,125]],[[882,145],[6,82]],[[1093,432],[95,-30],[44,4]],[[1232,406],[-23,-46],[49,-90]],[[1258,270],[-133,-87],[13,-38]],[[1138,145],[-101,-10]],[[1258,270],[57,-100],[37,-120]],[[1352,50],[-108,-22],[-34,74],[-38,42],[-34,1]],[[1163,720],[6,-60]],[[1169,660],[1,-66],[28,-119],[63,-2]],[[1261,473],[41,-53]],[[1302,420],[-70,-14]],[[1012,675],[-14,32],[150,-8],[15,21]],[[1286,795],[91,-120]],[[1377,675],[-70,-13]],[[1307,662],[-44,-33],[-59,-2],[-35,33]],[[1163,720],[41,47],[82,28]],[[1302,420],[33,-60],[57,-209],[7,-93]],[[1399,58],[-47,-8]],[[1307,662],[35,-20],[58,-67]],[[1400,575],[-50,-33],[-19,-41],[-70,-28]],[[1400,575],[39,-31],[19,-50],[17,-130],[40,-78]],[[1515,286],[-81,-44],[57,-154],[-92,-30]],[[1377,675],[183,-125]],[[1560,550],[78,-63],[-26,-24],[36,-117],[-16,-50],[-117,-10]],[[1286,795],[94,22],[16,-44],[62,-43],[46,0],[113,-25],[-27,-82],[-41,-39],[11,-34]],[[882,145],[-49,13],[-74,79]],[[759,237],[12,129],[23,23],[86,29]],[[760,500],[47,-41],[73,-41]],[[759,237],[-130,45]],[[629,282],[4,78],[-35,56]],[[598,416],[39,54]],[[637,470],[49,48],[74,-18]],[[629,282],[-90,-9],[-91,12],[-28,-14],[-55,40],[-29,47]],[[336,358],[67,0],[110,16],[85,42]],[[677,632],[57,-1],[4,-104],[22,-27]],[[637,470],[-45,-8]],[[592,462],[27,167]],[[619,629],[58,3]],[[791,669],[35,-42]],[[677,632],[-10,45],[45,39],[79,-47]],[[619,629],[-62,0],[-15,-36],[-45,26]],[[497,619],[-4,48],[-58,82],[52,51],[59,-29],[128,28],[81,-17],[36,-113]],[[592,462],[-49,2],[-81,-33],[-22,64],[-29,157]],[[411,652],[21,14],[65,-47]],[[332,630],[79,22]],[[336,358],[-84,26]],[[252,384],[23,17],[58,165],[-1,64]],[[252,384],[-49,25],[-117,117],[-86,2],[27,94],[55,11],[48,-13],[9,57],[49,15],[35,35],[49,15],[-16,-67],[76,-45]]],"objects":{"map":{"type":"GeometryCollection","geometries":[{"arcs":[[0,1,2,3]],"type":"Polygon","properties":{"id":"1000716-001","name":"永東村"}},{"arcs":[[4,-4,5,6]],"type":"Polygon","properties":{"id":"1000716-002","name":"永西村"}},{"arcs":[[-6,-3,7,8,9]],"type":"Polygon","properties":{"id":"1000716-003","name":"永南村"}},{"arcs":[[-7,-10,10,11,12,13]],"type":"Polygon","properties":{"id":"1000716-004","name":"永北村"}},{"arcs":[[14,15,16,17,-8,-2]],"type":"Polygon","properties":{"id":"1000716-005","name":"港西村"}},{"arcs":[[-17,18,19,20]],"type":"Polygon","properties":{"id":"1000716-006","name":"五福村"}},{"arcs":[[21,22,23,24,-19,-16]],"type":"Polygon","properties":{"id":"1000716-007","name":"湳港村"}},{"arcs":[[25,26,-24]],"type":"Polygon","properties":{"id":"1000716-008","name":"新莊村"}},{"arcs":[[27,28,29,30,-22,-15,-1,-5,-14,31]],"type":"Polygon","properties":{"id":"1000716-009","name":"瑚璉村"}},{"arcs":[[32,33,34,-28,35]],"type":"Polygon","properties":{"id":"1000716-010","name":"五汴村"}},{"arcs":[[36,37,-26,-23,-31]],"type":"Polygon","properties":{"id":"1000716-011","name":"浮圳村"}},{"arcs":[[38,39,-29,-35]],"type":"Polygon","properties":{"id":"1000716-012","name":"光雲村"}},{"arcs":[[40,41,-37,-30,-40]],"type":"Polygon","properties":{"id":"1000716-013","name":"東寧村"}},{"arcs":[[42,43,-41,-39,-34]],"type":"Polygon","properties":{"id":"1000716-014","name":"永興村"}},{"arcs":[[-43,-33,44]],"type":"Polygon","properties":{"id":"1000716-015","name":"崙子村"}},{"arcs":[[-9,-18,-21,45,46,-11]],"type":"Polygon","properties":{"id":"1000716-016","name":"獨鰲村"}},{"arcs":[[47,-47,48,49,50,51]],"type":"Polygon","properties":{"id":"1000716-017","name":"敦厚村"}},{"arcs":[[-50,52,53]],"type":"Polygon","properties":{"id":"1000716-018","name":"崙美村"}},{"arcs":[[54,-52,55,56,57]],"type":"Polygon","properties":{"id":"1000716-019","name":"同安村"}},{"arcs":[[58,-12,-48,-55,59]],"type":"Polygon","properties":{"id":"1000716-020","name":"同仁村"}},{"arcs":[[-60,-58,60,61]],"type":"Polygon","properties":{"id":"1000716-021","name":"湳墘村"}},{"arcs":[[-61,-57,62,63]],"type":"Polygon","properties":{"id":"1000716-022","name":"四芳村"}},{"arcs":[[64,-63,-56,-51,-54,65,66]],"type":"Polygon","properties":{"id":"1000716-023","name":"福興村"}},{"arcs":[[-67,67]],"type":"Polygon","properties":{"id":"1000716-024","name":"竹子村"}}]}}}