{"type":"Topology","bbox":[120.6735580290001,24.13552820500007,120.68564498500007,24.148159599000053],"transform":{"scale":[0.000042114829268159936,0.00004267362837831693],"translate":[120.6735580290001,24.13552820500007]},"arcs":[[[287,182],[-4,-47]],[[283,135],[-103,-103]],[[180,32],[-18,16]],[[162,48],[125,134]],[[199,249],[8,-47]],[[207,202],[-106,-103]],[[101,99],[-25,21]],[[76,120],[123,129]],[[283,135],[4,-104],[-77,-31],[-30,32]],[[162,48],[-39,32]],[[123,80],[89,84],[27,10]],[[239,174],[48,8]],[[207,202],[32,-28]],[[123,80],[-22,19]],[[76,120],[-24,20]],[[52,140],[80,87],[50,35]],[[182,262],[17,-13]],[[52,140],[-25,22]],[[27,162],[93,83],[-23,26]],[[97,271],[39,25],[46,-34]],[[27,162],[-27,24],[97,85]]],"objects":{"map":{"type":"GeometryCollection","geometries":[{"arcs":[[0,1,2,3]],"type":"Polygon","properties":{"id":"6600100-001","name":"繼光里"}},{"arcs":[[4,5,6,7]],"type":"Polygon","properties":{"id":"6600100-002","name":"大墩里"}},{"arcs":[[-2,8]],"type":"Polygon","properties":{"id":"6600100-003","name":"綠川里"}},{"arcs":[[9,10,11,-4]],"type":"Polygon","properties":{"id":"6600100-004","name":"公園里"}},{"arcs":[[12,-11,13,-6]],"type":"Polygon","properties":{"id":"6600100-005","name":"光復里"}},{"arcs":[[14,15,16,-8]],"type":"Polygon","properties":{"id":"6600100-006","name":"柳川里"}},{"arcs":[[17,18,19,-16]],"type":"Polygon","properties":{"id":"6600100-007","name":"大誠里"}},{"arcs":[[20,-19]],"type":"Polygon","properties":{"id":"6600100-008","name":"中華里"}}]}}}