{"type":"Topology","bbox":[120.43917264600009,22.430036059000088,120.50168115000008,22.50048418500006],"transform":{"scale":[0.00005384022739017492,0.00004815319617223093],"translate":[120.43917264600009,22.430036059000088]},"arcs":[[[257,838],[43,-54]],[[300,784],[-22,-56]],[[278,728],[-78,37]],[[200,765],[15,32]],[[215,797],[42,41]],[[215,885],[42,-47]],[[215,797],[-20,13]],[[195,810],[-22,66]],[[173,876],[42,9]],[[200,765],[-27,16]],[[173,781],[22,29]],[[173,781],[-29,25],[-21,53]],[[123,859],[50,17]],[[166,765],[7,16]],[[278,728],[9,-12]],[[287,716],[-66,10]],[[221,726],[-55,39]],[[221,726],[-24,-4]],[[197,722],[-20,-3]],[[177,719],[-20,27]],[[157,746],[9,19]],[[157,746],[-36,-34]],[[121,712],[0,2]],[[121,714],[-46,62],[48,83]],[[177,719],[-31,-47]],[[146,672],[-25,40]],[[197,722],[7,-71]],[[204,651],[-43,15]],[[161,666],[-15,6]],[[121,712],[-20,-24]],[[101,688],[-10,-10]],[[91,678],[-19,17],[-64,-28]],[[8,667],[-8,55],[41,32],[80,-40]],[[161,666],[-2,-38]],[[159,628],[-5,-46]],[[154,582],[-41,26],[28,31]],[[141,639],[-40,49]],[[204,651],[19,-30]],[[223,621],[-64,7]],[[141,639],[-50,39]],[[154,582],[9,-62],[-31,-12]],[[132,508],[-99,116],[-25,43]],[[279,645],[110,-29],[-10,-63],[25,-6]],[[404,547],[-44,-54],[-17,-51],[-54,-54]],[[289,388],[-50,-14],[-12,27],[-95,107]],[[223,621],[56,24]],[[610,497],[44,-50],[87,-71]],[[741,376],[120,-81],[67,-37],[-33,-131]],[[895,127],[-49,-44],[-47,-83],[-210,128],[-318,224],[18,36]],[[404,547],[43,-20],[163,-30]],[[846,851],[-82,-53]],[[764,798],[-73,-19],[-23,-38],[-8,-92],[-50,-152]],[[279,645],[35,25],[-27,46]],[[300,784],[49,-40],[67,46],[352,72]],[[768,862],[70,14],[8,-25]],[[1125,627],[-106,7],[-87,-27],[-25,26]],[[907,633],[-75,86],[-43,15],[-25,64]],[[846,851],[55,21]],[[901,872],[49,15],[25,42],[133,21],[47,-42],[-16,-83],[16,-32],[6,-161],[-36,-5]],[[1125,627],[-50,-94],[48,-8],[3,-79],[34,-68],[-61,-91],[-40,-159],[-93,-34],[-71,33]],[[741,376],[15,13],[98,4],[-3,142],[25,18],[-11,57],[42,23]],[[492,1119],[60,-29],[56,66]],[[608,1156],[83,-22],[-1,-57],[65,-29],[-16,-161],[29,-25]],[[215,885],[74,45],[133,95],[70,94]],[[929,1406],[-244,-161],[-77,-89]],[[492,1119],[41,97],[46,58],[115,79],[12,81],[48,29],[156,-36],[19,-21]],[[929,1406],[24,-83],[35,-34],[-24,-79],[-30,-2],[-6,-92],[-35,-67],[8,-177]]],"objects":{"map":{"type":"GeometryCollection","geometries":[{"arcs":[[0,1,2,3,4]],"type":"Polygon","properties":{"id":"1001303-001","name":"新勝里"}},{"arcs":[[5,-5,6,7,8]],"type":"Polygon","properties":{"id":"1001303-002","name":"頂新里"}},{"arcs":[[-4,9,10,-7]],"type":"Polygon","properties":{"id":"1001303-003","name":"頂中里"}},{"arcs":[[-8,-11,11,12]],"type":"Polygon","properties":{"id":"1001303-004","name":"東和里"}},{"arcs":[[13,-10,-3,14,15,16]],"type":"Polygon","properties":{"id":"1001303-005","name":"興台里"}},{"arcs":[[-17,17,18,19,20]],"type":"Polygon","properties":{"id":"1001303-006","name":"中興里"}},{"arcs":[[-14,-21,21,22,23,-12]],"type":"Polygon","properties":{"id":"1001303-007","name":"朝安里"}},{"arcs":[[24,25,-22,-20]],"type":"Polygon","properties":{"id":"1001303-008","name":"八德里"}},{"arcs":[[26,27,28,-25,-19]],"type":"Polygon","properties":{"id":"1001303-009","name":"東隆里"}},{"arcs":[[29,30,31,32,-23]],"type":"Polygon","properties":{"id":"1001303-010","name":"豐漁里"}},{"arcs":[[-26,-29,33,34,35,36,-30]],"type":"Polygon","properties":{"id":"1001303-011","name":"盛漁里"}},{"arcs":[[[37,38,-34,-28]],[[-37,39,-31]]],"type":"MultiPolygon","properties":{"id":"1001303-012","name":"興漁里"}},{"arcs":[[-40,-36,40,41,-32]],"type":"Polygon","properties":{"id":"1001303-013","name":"鎮海里"}},{"arcs":[[42,43,44,-41,-35,-39,45]],"type":"Polygon","properties":{"id":"1001303-014","name":"嘉蓮里"}},{"arcs":[[46,47,48,-44,49]],"type":"Polygon","properties":{"id":"1001303-015","name":"南平里"}},{"arcs":[[50,51,-50,-43,52,-15,-2,53,54]],"type":"Polygon","properties":{"id":"1001303-016","name":"船頭里"}},{"arcs":[[55,56,-51,57,58]],"type":"Polygon","properties":{"id":"1001303-017","name":"下廍里"}},{"arcs":[[59,-48,60,-56]],"type":"Polygon","properties":{"id":"1001303-018","name":"大潭里"}},{"arcs":[[61,62,-54,-1,-6,63]],"type":"Polygon","properties":{"id":"1001303-019","name":"興東里"}},{"arcs":[[64,-62,65]],"type":"Polygon","properties":{"id":"1001303-020","name":"興農里"}},{"arcs":[[66,-58,-55,-63,-65]],"type":"Polygon","properties":{"id":"1001303-021","name":"興和里"}},{"arcs":[[-16,-53,-46,-38,-27,-18]],"type":"Polygon","properties":{"id":"1001303-022","name":"共和里"}},{"arcs":[[-61,-47,-52,-57]],"type":"Polygon","properties":{"id":"1001303-023","name":"大鵬里"}}]}}}