{"type":"Topology","bbox":[121.55256314400003,25.00814340900007,121.59217503400009,25.049377065000044],"transform":{"scale":[0.00003961189000006016,0.00003652228166516778],"translate":[121.55256314400003,25.00814340900007]},"arcs":[[[401,847],[-4,-170]],[[397,677],[-72,1]],[[325,678],[-126,3]],[[199,681],[-22,1]],[[177,682],[-52,33]],[[125,715],[0,22]],[[125,737],[81,29]],[[206,766],[72,38],[1,46]],[[279,850],[122,-3]],[[125,737],[1,72]],[[126,809],[95,-3],[-15,-40]],[[301,904],[-22,-54]],[[126,809],[3,100]],[[129,909],[172,-5]],[[177,682],[-48,-87]],[[129,595],[-7,-12]],[[122,583],[3,132]],[[369,1028],[-34,-62]],[[335,966],[-34,-62]],[[129,909],[2,105],[132,58],[159,52]],[[422,1124],[-53,-96]],[[445,936],[2,-36]],[[447,900],[-11,-54]],[[436,846],[-35,1]],[[335,966],[46,8],[64,-38]],[[448,1026],[-3,-90]],[[369,1028],[79,-2]],[[638,895],[0,-35]],[[638,860],[-25,-18]],[[613,842],[-11,12],[-166,-8]],[[447,900],[191,-5]],[[613,842],[-49,-39],[49,-60]],[[613,743],[-57,-47]],[[556,696],[-37,-18],[-122,-1]],[[493,1026],[-2,-59]],[[491,967],[0,-16]],[[491,951],[-46,-15]],[[448,1026],[1,0]],[[449,1026],[44,0]],[[509,1070],[-60,-44]],[[422,1124],[87,5]],[[509,1129],[0,-59]],[[579,1023],[-86,3]],[[509,1070],[54,32],[16,-79]],[[579,1023],[-2,-59]],[[577,964],[-86,3]],[[710,1019],[-73,2]],[[637,1021],[0,105]],[[637,1126],[58,0],[15,-107]],[[577,964],[60,-2]],[[637,962],[1,-32]],[[638,930],[-65,-6],[-82,27]],[[637,1021],[-58,2]],[[509,1129],[128,-3]],[[637,1021],[0,-59]],[[710,1019],[32,-32]],[[742,987],[-19,-26]],[[723,961],[-85,-66]],[[638,895],[0,35]],[[654,769],[-41,-26]],[[638,860],[16,-91]],[[786,682],[-9,-75],[44,-59],[-55,-99]],[[766,449],[-153,48]],[[613,497],[29,30]],[[642,527],[14,52],[-45,42],[43,148]],[[654,769],[17,4]],[[671,773],[59,20]],[[730,793],[53,-56],[3,-55]],[[642,527],[-87,90],[1,79]],[[698,871],[-27,-17],[0,-81]],[[723,961],[-25,-90]],[[730,793],[58,24],[-28,67]],[[760,884],[20,8]],[[780,892],[41,-71],[0,-116],[-35,-23]],[[833,457],[-67,-8]],[[780,892],[40,30]],[[820,922],[52,-47],[57,-91],[-1,-68],[72,-81],[-99,-79],[-68,-99]],[[760,884],[-62,-13]],[[742,987],[78,-65]],[[325,678],[-11,-102],[-47,-40]],[[267,536],[-42,54]],[[225,590],[-26,91]],[[376,456],[64,-31]],[[440,425],[-111,-162]],[[329,263],[-106,63]],[[223,326],[3,11]],[[226,337],[79,36],[14,59],[-18,59]],[[301,491],[75,-35]],[[397,677],[3,-169],[16,-33]],[[416,475],[-40,-19]],[[301,491],[-34,45]],[[613,497],[-100,15],[-97,-37]],[[833,457],[-50,-172],[-87,-42],[-62,-79],[-39,9]],[[595,173],[-63,120],[8,50],[-100,82]],[[595,173],[-29,-35],[-75,6]],[[491,144],[-117,47],[-45,72]],[[225,590],[-83,-26]],[[142,564],[-13,31]],[[267,536],[-80,-70]],[[187,466],[-79,13]],[[108,479],[34,85]],[[226,337],[-6,13]],[[220,350],[-33,116]],[[108,479],[-22,48]],[[86,527],[36,56]],[[220,350],[-60,56]],[[160,406],[-93,35],[-67,3]],[[0,444],[86,83]],[[160,406],[-59,-65]],[[101,341],[-101,103]],[[223,326],[-62,-45]],[[161,281],[-60,60]],[[491,144],[-10,-50],[-144,-94],[-54,81],[-13,61],[-109,139]]],"objects":{"map":{"type":"GeometryCollection","geometries":[{"arcs":[[0,1,2,3,4,5,6,7,8]],"type":"Polygon","properties":{"id":"6300200-001","name":"西村里"}},{"arcs":[[-7,9,10]],"type":"Polygon","properties":{"id":"6300200-002","name":"正和里"}},{"arcs":[[11,-8,-11,12,13]],"type":"Polygon","properties":{"id":"6300200-003","name":"興隆里"}},{"arcs":[[14,15,16,-5]],"type":"Polygon","properties":{"id":"6300200-004","name":"中興里"}},{"arcs":[[17,18,-14,19,20]],"type":"Polygon","properties":{"id":"6300200-005","name":"新仁里"}},{"arcs":[[21,22,23,-9,-12,-19,24]],"type":"Polygon","properties":{"id":"6300200-006","name":"興雅里"}},{"arcs":[[25,-25,-18,26]],"type":"Polygon","properties":{"id":"6300200-007","name":"敦厚里"}},{"arcs":[[27,28,29,-23,30]],"type":"Polygon","properties":{"id":"6300200-008","name":"廣居里"}},{"arcs":[[31,32,33,-1,-24,-30]],"type":"Polygon","properties":{"id":"6300200-009","name":"安康里"}},{"arcs":[[34,35,36,-26,37,38]],"type":"Polygon","properties":{"id":"6300200-010","name":"六藝里"}},{"arcs":[[39,-38,-27,-21,40,41]],"type":"Polygon","properties":{"id":"6300200-011","name":"雅祥里"}},{"arcs":[[42,-39,-40,43]],"type":"Polygon","properties":{"id":"6300200-012","name":"五常里"}},{"arcs":[[44,45,-35,-43]],"type":"Polygon","properties":{"id":"6300200-013","name":"五全里"}},{"arcs":[[46,47,48]],"type":"Polygon","properties":{"id":"6300200-014","name":"永吉里"}},{"arcs":[[49,50,51,-36,-46]],"type":"Polygon","properties":{"id":"6300200-015","name":"長春里"}},{"arcs":[[-48,52,-44,-42,53]],"type":"Polygon","properties":{"id":"6300200-016","name":"四育里"}},{"arcs":[[54,-50,-45,-53]],"type":"Polygon","properties":{"id":"6300200-017","name":"四維里"}},{"arcs":[[55,56,57,58,-51,-55,-47]],"type":"Polygon","properties":{"id":"6300200-018","name":"永春里"}},{"arcs":[[59,-32,-29,60]],"type":"Polygon","properties":{"id":"6300200-020","name":"國業里"}},{"arcs":[[61,62,63,64,65,66,67]],"type":"Polygon","properties":{"id":"6300200-021","name":"松隆里"}},{"arcs":[[68,-33,-60,-65]],"type":"Polygon","properties":{"id":"6300200-022","name":"松友里"}},{"arcs":[[69,-66,-61,-28,-58,70]],"type":"Polygon","properties":{"id":"6300200-023","name":"松光里"}},{"arcs":[[-68,71,72,73]],"type":"Polygon","properties":{"id":"6300200-024","name":"中坡里"}},{"arcs":[[74,-62,-74,75,76]],"type":"Polygon","properties":{"id":"6300200-025","name":"中行里"}},{"arcs":[[-76,-73,77,-71,-57,78]],"type":"Polygon","properties":{"id":"6300200-026","name":"大道里"}},{"arcs":[[-67,-70,-78,-72]],"type":"Polygon","properties":{"id":"6300200-027","name":"大仁里"}},{"arcs":[[79,80,81,-3]],"type":"Polygon","properties":{"id":"6300200-028","name":"景新里"}},{"arcs":[[82,83,84,85,86,87]],"type":"Polygon","properties":{"id":"6300200-029","name":"惠安里"}},{"arcs":[[88,89,-88,90,-80,-2]],"type":"Polygon","properties":{"id":"6300200-030","name":"三張里"}},{"arcs":[[-64,91,-89,-34,-69]],"type":"Polygon","properties":{"id":"6300200-031","name":"三犁里"}},{"arcs":[[-63,-75,92,93,-83,-90,-92]],"type":"Polygon","properties":{"id":"6300200-032","name":"六合里"}},{"arcs":[[94,95,-84,-94]],"type":"Polygon","properties":{"id":"6300200-033","name":"泰和里"}},{"arcs":[[-82,96,97,-15,-4]],"type":"Polygon","properties":{"id":"6300200-034","name":"景聯里"}},{"arcs":[[98,99,100,-97,-81]],"type":"Polygon","properties":{"id":"6300200-035","name":"景勤里"}},{"arcs":[[-87,101,102,-99,-91]],"type":"Polygon","properties":{"id":"6300200-036","name":"雙和里"}},{"arcs":[[-101,103,104,-16,-98]],"type":"Polygon","properties":{"id":"6300200-037","name":"嘉興里"}},{"arcs":[[-100,-103,105,106,107,-104]],"type":"Polygon","properties":{"id":"6300200-038","name":"黎順里"}},{"arcs":[[108,109,-107]],"type":"Polygon","properties":{"id":"6300200-039","name":"黎平里"}},{"arcs":[[-102,-86,110,111,-109,-106]],"type":"Polygon","properties":{"id":"6300200-040","name":"黎忠里"}},{"arcs":[[-85,-96,112,-111]],"type":"Polygon","properties":{"id":"6300200-041","name":"黎安里"}},{"arcs":[[-59,-31,-22,-37,-52]],"type":"Polygon","properties":{"id":"6300200-019","name":"富台里"}}]}}}