{"type":"Topology","bbox":[121.57767967400002,25.01225364600009,121.66509467100002,25.064574513000082],"transform":{"scale":[0.00005429502919254424,0.00003927993018017396],"translate":[121.57767967400004,25.012253646000087]},"arcs":[[[692,1095],[-9,-29],[-152,-37]],[[531,1029],[-14,87]],[[517,1116],[-7,46]],[[510,1162],[-8,38]],[[502,1200],[67,23]],[[569,1223],[23,-30],[6,-68],[94,-30]],[[698,1095],[5,-161]],[[703,934],[-54,2],[-35,-55],[1,-59],[-44,-35],[-2,-123]],[[569,664],[-113,-42]],[[456,622],[-38,130],[-1,127],[22,62],[37,26],[56,-12],[-27,70]],[[505,1025],[26,4]],[[692,1095],[6,0]],[[797,1086],[-7,-30],[-74,-62],[2,-54]],[[718,940],[-15,-6]],[[698,1095],[99,-9]],[[569,1223],[30,19],[44,79],[23,11],[85,-36],[35,-32],[55,-120],[-44,-58]],[[517,1116],[-85,-39],[-65,-13],[-52,9]],[[315,1073],[-4,11]],[[311,1084],[109,60],[90,18]],[[456,622],[-92,-61]],[[364,561],[-21,83],[-44,67]],[[299,711],[11,22],[-22,110],[-58,28]],[[230,871],[14,82]],[[244,953],[52,37]],[[296,990],[32,7]],[[328,997],[177,28]],[[328,997],[-13,76]],[[296,990],[-88,-19]],[[208,971],[-30,123]],[[178,1094],[87,101]],[[265,1195],[46,-111]],[[208,971],[-163,-39]],[[45,932],[-6,105],[60,13],[79,44]],[[244,953],[-107,-42]],[[137,911],[-58,-97]],[[79,814],[-23,29],[-11,89]],[[299,711],[-34,2],[-15,-70]],[[250,643],[-68,109]],[[182,752],[-25,93]],[[157,845],[15,24]],[[172,869],[58,2]],[[157,845],[-62,-51]],[[95,794],[-16,20]],[[137,911],[35,-42]],[[182,752],[-15,-5]],[[167,747],[-72,47]],[[250,643],[20,-62],[56,-52]],[[326,529],[-59,-44]],[[267,485],[-53,76],[1,63],[-48,123]],[[704,190],[86,161],[-22,119],[-4,79],[-22,111]],[[742,660],[-8,95],[33,35]],[[767,790],[43,-73],[55,-51],[96,-50],[64,-14],[10,-28],[73,-29],[36,-43],[86,-60],[109,-52],[83,2],[112,72],[68,-25],[8,-101],[-20,-57],[-123,2],[-64,26],[-70,-11],[-57,-60],[-72,73],[-45,-27],[-54,19],[-29,-18],[-67,57],[-36,-50],[-11,-55],[-41,-58],[-91,-54],[-47,34],[-51,-3],[-28,34]],[[742,660],[-33,13],[-140,-9]],[[718,940],[8,-48],[41,-102]],[[704,190],[-90,4],[-122,-15],[-24,-92],[-62,-29],[-47,0],[-33,31],[-45,-31],[-87,-26],[-93,-12],[-46,-20],[-55,48],[45,73],[64,39],[27,131],[29,80],[102,114]],[[326,529],[38,32]],[[265,1195],[48,25],[87,-29],[102,9]]],"objects":{"map":{"type":"GeometryCollection","geometries":[{"arcs":[[0,1,2,3,4,5]],"type":"Polygon","properties":{"id":"6300900-001","name":"南港里"}},{"arcs":[[6,7,8,9,10,-1,11]],"type":"Polygon","properties":{"id":"6300900-002","name":"中南里"}},{"arcs":[[12,13,-7,14]],"type":"Polygon","properties":{"id":"6300900-003","name":"新富里"}},{"arcs":[[-15,-12,-6,15]],"type":"Polygon","properties":{"id":"6300900-004","name":"三重里"}},{"arcs":[[16,17,18,-3]],"type":"Polygon","properties":{"id":"6300900-005","name":"東新里"}},{"arcs":[[19,20,21,22,23,24,25,-10]],"type":"Polygon","properties":{"id":"6300900-006","name":"新光里"}},{"arcs":[[-11,-26,26,-17,-2]],"type":"Polygon","properties":{"id":"6300900-007","name":"東明里"}},{"arcs":[[-18,-27,-25,27,28,29,30]],"type":"Polygon","properties":{"id":"6300900-008","name":"西新里"}},{"arcs":[[31,32,-29]],"type":"Polygon","properties":{"id":"6300900-009","name":"玉成里"}},{"arcs":[[33,34,35,-32,-28,-24]],"type":"Polygon","properties":{"id":"6300900-010","name":"合成里"}},{"arcs":[[-22,36,37,38,39,40]],"type":"Polygon","properties":{"id":"6300900-011","name":"成福里"}},{"arcs":[[-40,41,42,-35,43]],"type":"Polygon","properties":{"id":"6300900-012","name":"萬福里"}},{"arcs":[[44,45,-42,-39]],"type":"Polygon","properties":{"id":"6300900-013","name":"鴻福里"}},{"arcs":[[46,47,48,-45,-38]],"type":"Polygon","properties":{"id":"6300900-014","name":"百福里"}},{"arcs":[[-41,-44,-34,-23]],"type":"Polygon","properties":{"id":"6300900-015","name":"聯成里"}},{"arcs":[[49,50,51]],"type":"Polygon","properties":{"id":"6300900-016","name":"舊莊里"}},{"arcs":[[-51,52,-8,-14,53]],"type":"Polygon","properties":{"id":"6300900-017","name":"中研里"}},{"arcs":[[-50,54,-48,55,-20,-9,-53]],"type":"Polygon","properties":{"id":"6300900-018","name":"九如里"}},{"arcs":[[-21,-56,-47,-37]],"type":"Polygon","properties":{"id":"6300900-019","name":"仁福里"}},{"arcs":[[-4,-19,-31,56]],"type":"Polygon","properties":{"id":"6300900-020","name":"重陽里"}}]}}}