{"type":"Topology","bbox":[121.53916022800001,25.044380163000085,121.580102883,25.075758542000074],"transform":{"scale":[0.000043509729011669214,0.000032315529351172865],"translate":[121.53916022800003,25.044380163000085]},"arcs":[[[695,604],[-26,-10]],[[669,594],[-76,-14]],[[593,580],[-27,-5]],[[566,575],[13,90],[-22,45],[104,46],[-1,28],[-300,21],[-54,46],[-69,-27]],[[237,824],[63,75],[0,72],[120,-36],[105,-66],[36,4],[104,89],[44,3],[42,-104],[-1,-93],[-55,-164]],[[515,445],[-145,-15]],[[370,430],[-15,113],[128,16]],[[483,559],[27,-26],[5,-88]],[[557,449],[5,-62]],[[562,387],[-42,-5]],[[520,382],[-5,63]],[[483,559],[66,12]],[[549,571],[8,-122]],[[608,498],[-15,82]],[[669,594],[-61,-96]],[[608,498],[8,-43]],[[616,455],[-59,-6]],[[549,571],[17,4]],[[760,253],[-40,-40]],[[720,213],[-2,0]],[[718,213],[-13,100]],[[705,313],[-12,88],[-73,-8]],[[620,393],[-4,62]],[[695,604],[35,-119],[30,-232]],[[620,393],[-17,-2]],[[603,391],[-41,-4]],[[520,382],[-35,-3]],[[485,379],[-106,-12]],[[379,367],[-9,63]],[[370,430],[-53,-6],[1,-57]],[[318,367],[-92,-16]],[[226,351],[1,62]],[[227,413],[41,117]],[[268,530],[-1,29],[-82,89],[-67,50]],[[118,698],[-118,57],[13,79],[224,-10]],[[567,217],[-137,6]],[[430,223],[-11,-1]],[[419,222],[-17,64]],[[402,286],[88,11]],[[490,297],[78,6]],[[568,303],[-1,-86]],[[402,286],[-87,-8]],[[315,278],[3,89]],[[318,367],[61,0]],[[485,379],[5,-82]],[[419,222],[-52,2]],[[367,224],[-59,1]],[[308,225],[7,53]],[[308,225],[-82,3]],[[226,228],[0,81]],[[226,309],[0,42]],[[227,413],[-112,1]],[[115,414],[2,138]],[[117,552],[151,-22]],[[117,552],[1,146]],[[692,149],[28,64]],[[760,253],[67,-22],[107,35],[7,-115],[-249,-2]],[[718,213],[-151,4]],[[568,303],[40,3]],[[608,306],[97,7]],[[608,306],[-5,85]],[[567,217],[25,-77]],[[592,140],[-163,-22]],[[429,118],[1,105]],[[692,149],[-79,-28]],[[613,121],[-21,19]],[[613,121],[-185,-96]],[[428,25],[1,93]],[[226,228],[-1,-110]],[[225,118],[-48,1]],[[177,119],[-67,-20]],[[110,99],[3,216]],[[113,315],[113,-6]],[[177,119],[-3,-96]],[[174,23],[-66,-9],[2,85]],[[367,224],[-21,-107]],[[346,117],[-1,0]],[[345,117],[-37,1]],[[308,118],[-83,0]],[[345,117],[-3,-117]],[[342,0],[-37,3]],[[305,3],[3,115]],[[305,3],[-80,11]],[[225,14],[0,104]],[[346,117],[20,-2]],[[366,115],[11,-105]],[[377,10],[-35,-10]],[[428,25],[-51,-15]],[[366,115],[63,3]],[[225,14],[-51,9]],[[113,315],[2,99]]],"objects":{"map":{"type":"GeometryCollection","geometries":[{"arcs":[[0,1,2,3,4]],"type":"Polygon","properties":{"id":"6300100-002","name":"莊敬里"}},{"arcs":[[5,6,7]],"type":"Polygon","properties":{"id":"6300100-003","name":"東榮里"}},{"arcs":[[8,9,10,-8,11,12]],"type":"Polygon","properties":{"id":"6300100-004","name":"三民里"}},{"arcs":[[13,-2,14]],"type":"Polygon","properties":{"id":"6300100-005","name":"新益里"}},{"arcs":[[15,16,-13,17,-3,-14]],"type":"Polygon","properties":{"id":"6300100-006","name":"富錦里"}},{"arcs":[[18,19,20,21,22,-16,-15,-1,23]],"type":"Polygon","properties":{"id":"6300100-007","name":"新東里"}},{"arcs":[[24,25,-9,-17,-23]],"type":"Polygon","properties":{"id":"6300100-008","name":"富泰里"}},{"arcs":[[26,27,28,-6,-11]],"type":"Polygon","properties":{"id":"6300100-009","name":"介壽里"}},{"arcs":[[-18,-12,-7,29,30,31,32,33,34,-4]],"type":"Polygon","properties":{"id":"6300100-010","name":"精忠里"}},{"arcs":[[35,36,37,38,39,40]],"type":"Polygon","properties":{"id":"6300100-011","name":"東光里"}},{"arcs":[[-39,41,42,43,-28,44]],"type":"Polygon","properties":{"id":"6300100-012","name":"龍田里"}},{"arcs":[[-44,-30,-29]],"type":"Polygon","properties":{"id":"6300100-013","name":"東昌里"}},{"arcs":[[45,46,47,-42,-38]],"type":"Polygon","properties":{"id":"6300100-014","name":"東勢里"}},{"arcs":[[-43,-48,48,49,50,-31]],"type":"Polygon","properties":{"id":"6300100-015","name":"中華里"}},{"arcs":[[-33,51,52,53]],"type":"Polygon","properties":{"id":"6300100-016","name":"民有里"}},{"arcs":[[-54,54,-34]],"type":"Polygon","properties":{"id":"6300100-017","name":"民福里"}},{"arcs":[[55,-19,56]],"type":"Polygon","properties":{"id":"6300100-018","name":"慈祐里"}},{"arcs":[[57,-41,58,59,-21]],"type":"Polygon","properties":{"id":"6300100-019","name":"安平里"}},{"arcs":[[-60,60,-25,-22]],"type":"Polygon","properties":{"id":"6300100-020","name":"鵬程里"}},{"arcs":[[-59,-40,-45,-27,-10,-26,-61]],"type":"Polygon","properties":{"id":"6300100-021","name":"自強里"}},{"arcs":[[61,62,63,-36]],"type":"Polygon","properties":{"id":"6300100-022","name":"吉祥里"}},{"arcs":[[-20,-56,64,65,-62,-58]],"type":"Polygon","properties":{"id":"6300100-024","name":"新聚里"}},{"arcs":[[66,67,-63,-66]],"type":"Polygon","properties":{"id":"6300100-025","name":"復盛里"}},{"arcs":[[-50,68,69,70,71,72]],"type":"Polygon","properties":{"id":"6300100-026","name":"中正里"}},{"arcs":[[73,74,-71]],"type":"Polygon","properties":{"id":"6300100-027","name":"中崙里"}},{"arcs":[[-47,75,76,77,78,-69,-49]],"type":"Polygon","properties":{"id":"6300100-028","name":"美仁里"}},{"arcs":[[79,80,81,-78]],"type":"Polygon","properties":{"id":"6300100-029","name":"吉仁里"}},{"arcs":[[82,83,-79,-82]],"type":"Polygon","properties":{"id":"6300100-030","name":"敦化里"}},{"arcs":[[84,85,86,-80,-77]],"type":"Polygon","properties":{"id":"6300100-031","name":"復源里"}},{"arcs":[[87,-86,88,-68]],"type":"Polygon","properties":{"id":"6300100-032","name":"復建里"}},{"arcs":[[-37,-64,-89,-85,-76,-46]],"type":"Polygon","properties":{"id":"6300100-033","name":"復勢里"}},{"arcs":[[-84,89,-74,-70]],"type":"Polygon","properties":{"id":"6300100-034","name":"福成里"}},{"arcs":[[-32,-51,-73,90,-52]],"type":"Polygon","properties":{"id":"6300100-035","name":"松基里"}}]}}}