{"type":"Topology","bbox":[119.94911590000004,26.18713486900009,120.06256460100008,26.298559969000053],"transform":{"scale":[0.000033495335400070405,0.00003170890722821931],"translate":[119.94911590000004,26.18713486900009]},"arcs":[[[1628,1152],[-55,41],[-83,-73]],[[1490,1120],[-80,-148],[-98,21],[-73,-126],[-30,79],[-61,47],[-112,1],[-44,-46]],[[992,948],[33,72],[152,136],[41,136]],[[1218,1292],[200,44],[80,47],[67,89]],[[1565,1472],[96,26],[48,-21],[-30,-125],[35,-22],[-86,-178]],[[1628,1152],[86,21],[1,69],[82,47],[143,14],[39,-51],[-65,-73],[37,-33],[-118,-79],[-21,-41],[53,-75],[-1,-94],[-57,14],[-13,118],[-50,29],[-26,97],[-99,14],[-81,-35],[-48,26]],[[1218,1292],[6,111]],[[1224,1403],[93,74],[-6,67],[69,67],[141,-7],[44,-132]],[[992,948],[-63,-27]],[[929,921],[-82,51],[-152,51],[-152,33]],[[543,1056],[118,6],[220,163],[47,-29],[91,-2],[139,153],[66,56]],[[929,921],[-72,-45],[-59,9],[-99,-105],[8,-85]],[[707,695],[-108,38]],[[599,733],[51,50],[-69,108],[8,100],[-46,65]],[[707,695],[3,-243],[-43,-62],[59,-53],[-2,-64],[65,-31],[13,-50],[-73,-29],[-11,70],[-68,23],[-133,-38],[9,130],[-23,35],[21,135],[-31,40],[106,175]],[[1869,1527],[-25,81],[56,76],[37,-57],[-60,-27],[-8,-73]],[[1403,1823],[62,143],[79,-31],[55,42],[105,34],[-35,-121],[-52,-58],[-83,-16],[-86,-86],[-69,45],[24,48]],[[1767,2069],[16,65],[149,-1],[-6,-73],[-159,9]],[[1120,2928],[-14,74],[79,44],[46,-81],[-54,-75],[110,-121],[-53,-27],[-51,-95],[17,-78],[-102,-65],[-95,-7],[-60,25],[-56,81],[63,113],[74,17],[31,64],[-41,104],[106,27]]],"objects":{"map":{"type":"GeometryCollection","geometries":[{"arcs":[[0,1,2,3,4]],"type":"Polygon","properties":{"id":"0900702-001","name":"塘岐村"}},{"arcs":[[-1,5]],"type":"Polygon","properties":{"id":"0900702-002","name":"后沃村"}},{"arcs":[[-4,6,7]],"type":"Polygon","properties":{"id":"0900702-003","name":"橋仔村"}},{"arcs":[[-7,-3,8,9,10]],"type":"Polygon","properties":{"id":"0900702-004","name":"芹壁村"}},{"arcs":[[11,12,13,-10]],"type":"Polygon","properties":{"id":"0900702-005","name":"坂里村"}},{"arcs":[[14,-13]],"type":"Polygon","properties":{"id":"0900702-006","name":"白沙村"}},{"type":null,"properties":{"id":"0900702-S01","name":"進嶼(蛇島)"}},{"type":null,"properties":{"id":"0900702-S02","name":"鵲石"}},{"type":null,"properties":{"id":"0900702-S03","name":"蚌山"}},{"type":null,"properties":{"id":"0900702-S04","name":"螺山1"}},{"type":null,"properties":{"id":"0900702-S05","name":"螺山2"}},{"type":null,"properties":{"id":"0900702-S06","name":"螺山3"}},{"type":null,"properties":{"id":"0900702-S07","name":"螺山4"}},{"type":null,"properties":{"id":"0900702-S08","name":"三連嶼1"}},{"type":null,"properties":{"id":"0900702-S09","name":"三連嶼2"}},{"type":null,"properties":{"id":"0900702-S10","name":"三連嶼3"}},{"arcs":[[15]],"type":"Polygon","properties":{"id":"0900702-S11","name":"無名島"}},{"type":null,"properties":{"id":"0900702-S12","name":"峭頭"}},{"arcs":[[16]],"type":"Polygon","properties":{"id":"0900702-S13","name":"大坵1"}},{"type":null,"properties":{"id":"0900702-S14","name":"大坵2"}},{"type":null,"properties":{"id":"0900702-S15","name":"大坵3"}},{"type":null,"properties":{"id":"0900702-S16","name":"大坵4"}},{"arcs":[[17]],"type":"Polygon","properties":{"id":"0900702-S17","name":"小坵1"}},{"type":null,"properties":{"id":"0900702-S18","name":"小坵2"}},{"type":null,"properties":{"id":"0900702-S19","name":"中島1"}},{"type":null,"properties":{"id":"0900702-S20","name":"中島2"}},{"type":null,"properties":{"id":"0900702-S21","name":"中島3"}},{"type":null,"properties":{"id":"0900702-S22","name":"中島4"}},{"type":null,"properties":{"id":"0900702-S23","name":"中島5"}},{"type":null,"properties":{"id":"0900702-S24","name":"中島6"}},{"type":null,"properties":{"id":"0900702-S25","name":"鐵尖島"}},{"arcs":[[18]],"type":"Polygon","properties":{"id":"0900702-S26","name":"高登島1"}},{"type":null,"properties":{"id":"0900702-S27","name":"高登島2"}},{"type":null,"properties":{"id":"0900702-S28","name":"高登島3"}},{"type":null,"properties":{"id":"0900702-S29","name":"高登島4"}},{"type":null,"properties":{"id":"0900702-S30","name":"高登島5"}},{"type":null,"properties":{"id":"0900702-S31","name":"高登島6"}},{"type":null,"properties":{"id":"0900702-S32","name":"高登島7"}},{"type":null,"properties":{"id":"0900702-S33","name":"白廟1"}},{"type":null,"properties":{"id":"0900702-S34","name":"白廟2"}},{"type":null,"properties":{"id":"0900702-S35","name":"白廟3"}},{"type":null,"properties":{"id":"0900702-S36","name":"老鼠礁"}}]}}}