{"type":"Topology","bbox":[120.66290973000002,24.142314128000066,120.70437666700002,24.173801197000046],"transform":{"scale":[0.0000433754571129661,0.000034040074594572245],"translate":[120.66290973000002,24.142314128000066]},"arcs":[[[215,816],[65,-3]],[[280,813],[42,-2]],[[322,811],[-5,-85]],[[317,726],[-79,-3]],[[238,723],[-23,93]],[[280,923],[102,-23],[-5,-92]],[[377,808],[-55,3]],[[280,813],[0,110]],[[301,96],[-56,-63],[-41,47],[53,63]],[[257,143],[44,-47]],[[358,151],[-57,-55]],[[257,143],[20,57]],[[277,200],[81,-49]],[[387,281],[11,-72],[66,-63]],[[464,146],[-27,-30]],[[437,116],[-77,46]],[[360,162],[-17,59],[44,60]],[[537,365],[-47,-143]],[[490,222],[-26,-76]],[[387,281],[-2,9]],[[385,290],[152,75]],[[795,541],[45,-10]],[[840,531],[-16,-146]],[[824,385],[-79,2]],[[745,387],[50,154]],[[512,724],[63,1],[25,-71],[-13,-54]],[[587,600],[-76,-3]],[[511,597],[1,127]],[[215,816],[-20,109]],[[195,925],[85,-2]],[[238,723],[15,-56]],[[253,667],[17,-62]],[[270,605],[-95,-1]],[[175,604],[0,117]],[[175,721],[63,2]],[[83,807],[13,97],[99,21]],[[215,816],[-132,-9]],[[377,808],[85,-37]],[[462,771],[-6,-45]],[[456,726],[-139,0]],[[416,611],[-146,-6]],[[253,667],[196,6]],[[449,673],[-33,-62]],[[277,200],[5,7]],[[282,207],[50,56],[-9,131]],[[323,394],[23,0]],[[346,394],[0,-68],[39,-36]],[[360,162],[-2,-11]],[[285,394],[38,0]],[[282,207],[-46,83]],[[236,290],[49,104]],[[346,394],[83,0],[85,38]],[[514,432],[23,-67]],[[490,222],[-7,-50],[65,-10]],[[548,162],[91,-14]],[[639,148],[-96,-46],[-16,-74],[-33,-28],[-59,65],[2,51]],[[563,394],[8,-4]],[[571,390],[34,-57],[-57,-171]],[[537,365],[26,29]],[[571,390],[51,-4],[67,-47]],[[689,339],[-4,-35]],[[685,304],[-46,-156]],[[824,385],[-12,-115]],[[812,270],[-127,34]],[[689,339],[56,48]],[[840,531],[116,-33],[-51,-112],[-42,-132],[-51,16]],[[745,387],[-19,-1]],[[726,386],[-6,172]],[[720,558],[75,-17]],[[656,495],[-25,-81],[95,-28]],[[563,394],[93,101]],[[593,587],[85,-26]],[[678,561],[-22,-66]],[[514,432],[9,60]],[[523,492],[21,60],[49,35]],[[285,394],[10,42]],[[295,436],[96,7],[22,51]],[[413,494],[3,0]],[[416,494],[107,-2]],[[587,600],[6,-13]],[[416,494],[0,96]],[[416,590],[95,7]],[[462,771],[50,-47]],[[416,590],[0,21]],[[449,673],[7,53]],[[413,494],[-116,3]],[[297,497],[-27,108]],[[211,497],[86,0]],[[295,436],[-84,7]],[[211,443],[0,54]],[[211,443],[-36,-99]],[[175,344],[-108,-10],[7,67],[-52,49],[34,43]],[[56,493],[155,4]],[[236,290],[-61,54]],[[678,561],[42,-3]],[[56,493],[-56,66]],[[0,559],[62,44],[113,1]],[[0,559],[62,160]],[[62,719],[113,2]],[[62,719],[21,88]]],"objects":{"map":{"type":"GeometryCollection","geometries":[{"arcs":[[0,1,2,3,4]],"type":"Polygon","properties":{"id":"6600500-024","name":"賴明里"}},{"arcs":[[5,6,-2,7]],"type":"Polygon","properties":{"id":"6600500-025","name":"賴興里"}},{"arcs":[[8,9]],"type":"Polygon","properties":{"id":"6600500-026","name":"中正里"}},{"arcs":[[10,-10,11,12]],"type":"Polygon","properties":{"id":"6600500-027","name":"六合里"}},{"arcs":[[13,14,15,16]],"type":"Polygon","properties":{"id":"6600500-028","name":"大湖里"}},{"arcs":[[17,18,-14,19,20]],"type":"Polygon","properties":{"id":"6600500-029","name":"錦平里"}},{"arcs":[[21,22,23,24]],"type":"Polygon","properties":{"id":"6600500-030","name":"建德里"}},{"arcs":[[25,26,27]],"type":"Polygon","properties":{"id":"6600500-031","name":"崇德里"}},{"arcs":[[-1,28,29,-8]],"type":"Polygon","properties":{"id":"6600500-032","name":"賴旺里"}},{"arcs":[[30,31,32,33,34]],"type":"Polygon","properties":{"id":"6600500-033","name":"明新里"}},{"arcs":[[35,-29,36]],"type":"Polygon","properties":{"id":"6600500-034","name":"立人里"}},{"arcs":[[-7,37,38,39,-3]],"type":"Polygon","properties":{"id":"6600500-035","name":"梅川里"}},{"arcs":[[40,-32,41,42]],"type":"Polygon","properties":{"id":"6600500-036","name":"賴福里"}},{"arcs":[[43,44,45,46,-20,-17,47,-13]],"type":"Polygon","properties":{"id":"6600500-001","name":"光大里"}},{"arcs":[[48,-45,49,50]],"type":"Polygon","properties":{"id":"6600500-002","name":"文莊里"}},{"arcs":[[51,52,-21,-47]],"type":"Polygon","properties":{"id":"6600500-003","name":"五常里"}},{"arcs":[[53,54,55,-15,-19]],"type":"Polygon","properties":{"id":"6600500-004","name":"新興里"}},{"arcs":[[56,57,-54,-18,58]],"type":"Polygon","properties":{"id":"6600500-005","name":"新北里"}},{"arcs":[[-58,59,60,61,-55]],"type":"Polygon","properties":{"id":"6600500-006","name":"樂英里"}},{"arcs":[[-24,62,63,-61,64]],"type":"Polygon","properties":{"id":"6600500-007","name":"錦村里"}},{"arcs":[[-23,65,-63]],"type":"Polygon","properties":{"id":"6600500-008","name":"建成里"}},{"arcs":[[66,67,68,-25]],"type":"Polygon","properties":{"id":"6600500-009","name":"錦洲里"}},{"arcs":[[69,-67,-65,-60,-57,70]],"type":"Polygon","properties":{"id":"6600500-010","name":"金華里"}},{"arcs":[[71,72,-71,-59,-53,73,74]],"type":"Polygon","properties":{"id":"6600500-011","name":"金龍里"}},{"arcs":[[-52,-46,-49,75,76,77,78,-74]],"type":"Polygon","properties":{"id":"6600500-012","name":"邱厝里"}},{"arcs":[[79,-75,-79,80,81,-27]],"type":"Polygon","properties":{"id":"6600500-013","name":"建興里"}},{"arcs":[[-39,82,-28,-82,83,-43,84]],"type":"Polygon","properties":{"id":"6600500-014","name":"頂厝里"}},{"arcs":[[-31,-4,-40,-85,-42]],"type":"Polygon","properties":{"id":"6600500-015","name":"賴厝里"}},{"arcs":[[-41,-84,-81,-78,85,86]],"type":"Polygon","properties":{"id":"6600500-016","name":"賴村里"}},{"arcs":[[87,-86,-77,88,89]],"type":"Polygon","properties":{"id":"6600500-017","name":"育德里"}},{"arcs":[[-90,90,91,92]],"type":"Polygon","properties":{"id":"6600500-018","name":"淡溝里"}},{"arcs":[[-89,-76,-51,93,-91]],"type":"Polygon","properties":{"id":"6600500-019","name":"中達里"}},{"arcs":[[94,-68,-70,-73]],"type":"Polygon","properties":{"id":"6600500-020","name":"錦祥里"}},{"arcs":[[-33,-87,-88,-93,95,96]],"type":"Polygon","properties":{"id":"6600500-021","name":"健行里"}},{"arcs":[[-34,-97,97,98]],"type":"Polygon","properties":{"id":"6600500-022","name":"明德里"}},{"arcs":[[-5,-35,-99,99,-37]],"type":"Polygon","properties":{"id":"6600500-023","name":"長青里"}}]}}}