{"type":"Topology","bbox":[121.73183818300004,25.10589620500008,121.75564670800009,25.131555653000078],"transform":{"scale":[0.00002736612068971205,0.000031064707021790526],"translate":[121.73183818300002,25.10589620500008]},"arcs":[[[801,684],[69,-59],[-113,-194]],[[757,431],[-44,56]],[[713,487],[7,90]],[[720,577],[9,83]],[[729,660],[72,24]],[[761,716],[40,-32]],[[729,660],[-4,42]],[[725,702],[36,14]],[[720,577],[5,125]],[[635,728],[126,-12]],[[713,487],[-98,91]],[[615,578],[18,125]],[[633,703],[2,25]],[[615,578],[-96,33]],[[519,611],[56,80],[58,12]],[[525,758],[110,-30]],[[519,611],[-34,-4]],[[485,607],[-4,37]],[[481,644],[1,21]],[[482,665],[43,93]],[[500,770],[25,-12]],[[482,665],[-31,25]],[[451,690],[49,80]],[[456,792],[44,-22]],[[451,690],[-35,-11]],[[416,679],[-6,22]],[[410,701],[46,91]],[[410,701],[-72,35]],[[338,736],[26,63]],[[364,799],[92,-7]],[[295,707],[18,25]],[[313,732],[25,4]],[[416,679],[-56,-1]],[[360,678],[-65,29]],[[481,644],[-79,-23]],[[402,621],[-42,57]],[[485,607],[-83,-28]],[[402,579],[0,1]],[[402,580],[0,41]],[[713,487],[-145,-15]],[[568,472],[-117,45],[-44,-24]],[[407,493],[-5,86]],[[568,472],[-41,-48],[-110,-9]],[[417,415],[-7,62]],[[410,477],[-3,16]],[[757,431],[-41,-194],[16,-69],[-71,-39],[-67,-88],[-76,-41],[-170,49],[-156,190],[-87,1]],[[105,240],[26,56],[129,53],[83,-93],[59,48],[15,111]],[[373,496],[37,-19]],[[105,240],[-76,45],[80,116]],[[109,401],[9,34],[131,55]],[[249,490],[106,-42],[18,48]],[[326,595],[47,-99]],[[249,490],[41,96]],[[290,586],[36,9]],[[326,595],[19,23]],[[345,618],[57,-38]],[[345,618],[15,60]],[[290,586],[-4,9]],[[286,595],[-8,72]],[[278,667],[-21,25]],[[257,692],[22,2]],[[279,694],[16,13]],[[286,595],[-34,34]],[[252,629],[26,38]],[[109,401],[-23,89]],[[86,490],[100,107]],[[186,597],[66,32]],[[47,658],[103,-34]],[[150,624],[36,-27]],[[86,490],[-86,18],[47,150]],[[161,750],[24,-68],[-35,-58]],[[47,658],[19,51],[95,41]],[[287,745],[-8,-51]],[[257,692],[-43,57]],[[214,749],[18,42]],[[232,791],[55,-46]],[[287,745],[26,-13]],[[307,826],[-20,-81]],[[232,791],[75,35]],[[307,826],[57,-27]],[[161,750],[53,-1]]],"objects":{"map":{"type":"GeometryCollection","geometries":[{"arcs":[[0,1,2,3,4]],"type":"Polygon","properties":{"id":"1001704-001","name":"林泉里"}},{"arcs":[[5,-5,6,7]],"type":"Polygon","properties":{"id":"1001704-002","name":"花崗里"}},{"arcs":[[-7,-4,8]],"type":"Polygon","properties":{"id":"1001704-003","name":"虹橋里"}},{"arcs":[[9,-8,-9,-3,10,11,12]],"type":"Polygon","properties":{"id":"1001704-004","name":"水錦里"}},{"arcs":[[-12,13,14]],"type":"Polygon","properties":{"id":"1001704-005","name":"智仁里"}},{"arcs":[[15,-13,-15,16,17,18,19]],"type":"Polygon","properties":{"id":"1001704-006","name":"和明里"}},{"arcs":[[20,-20,21,22]],"type":"Polygon","properties":{"id":"1001704-007","name":"忠勇里"}},{"arcs":[[23,-23,24,25,26]],"type":"Polygon","properties":{"id":"1001704-008","name":"玉田里"}},{"arcs":[[-27,27,28,29]],"type":"Polygon","properties":{"id":"1001704-009","name":"仁德里"}},{"arcs":[[30,31,-28,-26,32,33]],"type":"Polygon","properties":{"id":"1001704-010","name":"博愛里"}},{"arcs":[[-22,-19,34,35,-33,-25]],"type":"Polygon","properties":{"id":"1001704-011","name":"福仁里"}},{"arcs":[[-18,36,37,38,-35]],"type":"Polygon","properties":{"id":"1001704-012","name":"誠仁里"}},{"arcs":[[-37,-17,-14,-11,39,40,41]],"type":"Polygon","properties":{"id":"1001704-013","name":"吉仁里"}},{"arcs":[[42,43,44,-41]],"type":"Polygon","properties":{"id":"1001704-014","name":"育仁里"}},{"arcs":[[-43,-40,-2,45,46]],"type":"Polygon","properties":{"id":"1001704-015","name":"英仁里"}},{"arcs":[[47,-44,-47,48,49,50]],"type":"Polygon","properties":{"id":"1001704-016","name":"龍門里"}},{"arcs":[[51,-51,52,53]],"type":"Polygon","properties":{"id":"1001704-017","name":"德厚里"}},{"arcs":[[-38,-42,-45,-48,-52,54,55]],"type":"Polygon","properties":{"id":"1001704-018","name":"曲水里"}},{"arcs":[[-36,-39,-56,56]],"type":"Polygon","properties":{"id":"1001704-019","name":"崇文里"}},{"arcs":[[-34,-57,-55,-54,57,58,59,60,61]],"type":"Polygon","properties":{"id":"1001704-020","name":"文安里"}},{"arcs":[[-59,62,63]],"type":"Polygon","properties":{"id":"1001704-021","name":"兆連里"}},{"arcs":[[-63,-58,-53,-50,64,65,66]],"type":"Polygon","properties":{"id":"1001704-022","name":"獅球里"}},{"arcs":[[67,68,-66,69]],"type":"Polygon","properties":{"id":"1001704-023","name":"書院里"}},{"arcs":[[70,-68,71]],"type":"Polygon","properties":{"id":"1001704-024","name":"朝棟里"}},{"arcs":[[72,-61,73,74,75]],"type":"Polygon","properties":{"id":"1001704-025","name":"明德里"}},{"arcs":[[76,-31,-62,-73]],"type":"Polygon","properties":{"id":"1001704-026","name":"同風里"}},{"arcs":[[77,-76,78]],"type":"Polygon","properties":{"id":"1001704-027","name":"文昌里"}},{"arcs":[[79,-29,-32,-77,-78]],"type":"Polygon","properties":{"id":"1001704-028","name":"新店里"}},{"arcs":[[80,-74,-60,-64,-67,-69,-71]],"type":"Polygon","properties":{"id":"1001704-029","name":"光華里"}}]}}}