{"type":"Topology","bbox":[120.24299348,22.717905416000065,120.27586468600009,22.771253915000045],"transform":{"scale":[0.00004750174277470419,0.000040415529545439865],"translate":[120.24299348,22.717905416000065]},"arcs":[[[619,1285],[-66,-96],[9,-87]],[[562,1102],[-141,-13],[-101,8],[-31,20],[-73,-40],[-50,13]],[[166,1090],[22,63],[63,90],[-6,29],[87,22],[91,-4],[18,-24],[59,54],[5,-68],[45,-21],[12,74],[57,-20]],[[562,1102],[26,-67]],[[588,1035],[-136,5],[-125,16],[-80,-20],[-21,-53]],[[226,983],[-72,4]],[[154,987],[-18,46],[30,57]],[[588,1035],[12,-46]],[[600,989],[-59,4],[-65,-21],[-150,1],[-100,10]],[[600,989],[-11,-69]],[[589,920],[-65,4],[-73,-61]],[[451,863],[-219,13],[-64,40],[-11,35]],[[157,951],[-3,36]],[[644,866],[-55,54]],[[619,1285],[44,-20],[11,-93],[-19,-44],[29,-50],[8,-138],[-48,-74]],[[316,671],[-238,-181],[2,-15]],[[80,475],[-25,-4]],[[55,471],[-12,76],[-39,97],[33,41],[-37,37],[79,175],[45,0]],[[124,897],[-1,-71],[52,-20],[34,-45],[88,6],[19,-96]],[[177,423],[51,-46]],[[228,377],[-102,-79]],[[126,298],[-34,78]],[[92,376],[45,27]],[[137,403],[40,20]],[[473,323],[20,8]],[[493,331],[-8,-34],[-54,-51],[-56,-89]],[[375,157],[-31,28],[-85,119],[-41,-27],[-27,36],[-54,-46]],[[137,267],[-11,31]],[[228,377],[122,-73],[43,-9],[80,28]],[[375,157],[-105,-157],[-66,182],[-24,-4],[-43,89]],[[644,866],[5,-43],[-40,-52],[-16,-101],[-38,-79]],[[555,591],[-54,5],[-56,37],[5,29]],[[450,662],[45,26],[-40,51],[5,52],[-60,23],[51,49]],[[450,662],[-92,8]],[[358,670],[-42,1]],[[124,897],[33,54]],[[278,537],[-45,21],[-21,-81],[-35,-54]],[[137,403],[-57,72]],[[358,670],[-20,-51],[-60,-82]],[[92,376],[-37,95]],[[278,537],[8,-79],[34,13],[10,-76],[60,15],[83,-87]],[[555,591],[-5,-37],[-112,-100],[55,-123]]],"objects":{"map":{"type":"GeometryCollection","geometries":[{"arcs":[[0,1,2]],"type":"Polygon","properties":{"id":"6402900-001","name":"梓信里"}},{"arcs":[[3,4,5,6,-2]],"type":"Polygon","properties":{"id":"6402900-002","name":"梓義里"}},{"arcs":[[7,8,-5]],"type":"Polygon","properties":{"id":"6402900-003","name":"梓和里"}},{"arcs":[[-9,9,10,11,12,-6]],"type":"Polygon","properties":{"id":"6402900-004","name":"梓平里"}},{"arcs":[[13,-10,-8,-4,-1,14]],"type":"Polygon","properties":{"id":"6402900-005","name":"中崙里"}},{"arcs":[[15,16,17,18]],"type":"Polygon","properties":{"id":"6402900-006","name":"赤崁里"}},{"arcs":[[19,20,21,22,23]],"type":"Polygon","properties":{"id":"6402900-007","name":"禮蚵里"}},{"arcs":[[24,25,26,27,-21,28]],"type":"Polygon","properties":{"id":"6402900-008","name":"智蚵里"}},{"arcs":[[29,-27]],"type":"Polygon","properties":{"id":"6402900-009","name":"信蚵里"}},{"arcs":[[30,31,32,-11,-14]],"type":"Polygon","properties":{"id":"6402900-010","name":"同安里"}},{"arcs":[[-33,33,34,-19,35,-12]],"type":"Polygon","properties":{"id":"6402900-011","name":"大舍里"}},{"arcs":[[36,-24,37,-16,-35,38]],"type":"Polygon","properties":{"id":"6402900-012","name":"赤東里"}},{"arcs":[[-38,-23,39,-17]],"type":"Polygon","properties":{"id":"6402900-013","name":"赤西里"}},{"arcs":[[40,-29,-20,-37]],"type":"Polygon","properties":{"id":"6402900-014","name":"茄苳里"}},{"arcs":[[-32,41,-25,-41,-39,-34]],"type":"Polygon","properties":{"id":"6402900-015","name":"典寶里"}}]}}}