{"type":"Topology","bbox":[120.65072079700008,24.068904898000085,120.7413188590001,24.12500730000005],"transform":{"scale":[0.00005811293264915099,0.00004342291176467877],"translate":[120.65072079700008,24.068904898000085]},"arcs":[[[546,725],[8,-37]],[[554,688],[-93,-94]],[[461,594],[-100,-113],[-50,-19],[-28,55],[-40,27],[-64,16]],[[179,560],[-6,1]],[[173,561],[-73,-2]],[[100,559],[82,62],[8,21]],[[190,642],[98,-2],[136,26],[58,2],[15,41],[49,16]],[[402,852],[109,33]],[[511,885],[35,-160]],[[190,642],[20,33]],[[210,675],[75,17],[53,53],[64,107]],[[210,675],[-80,39],[-10,40],[23,101],[39,13],[6,92],[52,46],[72,-3],[47,-28]],[[359,975],[-7,-56],[50,-67]],[[610,1068],[-40,-78],[0,-38]],[[570,952],[-69,-22]],[[501,930],[-12,55],[2,77]],[[491,1062],[119,6]],[[826,1286],[-35,-36],[-80,-22],[-54,-58]],[[657,1170],[-45,-42],[-119,-11]],[[493,1117],[72,29],[41,106],[51,33],[76,7],[93,-6]],[[826,1286],[26,3]],[[852,1289],[-116,-181]],[[736,1108],[-24,-37],[-42,-3]],[[670,1068],[0,2]],[[670,1070],[-13,100]],[[670,1068],[5,-121]],[[675,947],[-105,5]],[[610,1068],[60,2]],[[736,1108],[38,-42],[-56,-53],[-10,-75],[65,-34]],[[773,904],[-16,-61]],[[757,843],[-89,17]],[[668,860],[7,87]],[[852,1289],[68,0],[-38,-92],[-22,-183],[17,-39]],[[877,975],[-65,-21],[-39,-50]],[[877,975],[1,0]],[[878,975],[33,-81]],[[911,894],[-88,-80],[-75,-1]],[[748,813],[9,30]],[[969,803],[-45,51],[-13,40]],[[878,975],[96,16],[114,-47],[-53,-56],[-29,-50]],[[1006,838],[-37,-35]],[[634,704],[31,20],[60,-48]],[[725,676],[-67,-108]],[[658,568],[-50,-103]],[[608,465],[-77,-68],[-48,-10]],[[483,387],[-22,207]],[[554,688],[80,16]],[[173,561],[6,-1]],[[483,387],[-58,-44],[-53,-69]],[[372,274],[-108,6],[-47,28],[-26,-18],[-49,23],[-54,59],[36,45],[-84,29],[-40,59],[100,54]],[[1006,838],[195,-123]],[[1201,715],[-27,-66],[-63,-62]],[[1111,587],[-60,-9],[-151,52],[-120,11],[-82,-112]],[[698,529],[-40,39]],[[725,676],[15,17]],[[740,693],[84,38],[21,-6],[62,56],[62,22]],[[1201,715],[68,-48],[68,-73],[30,-13],[49,29],[63,-16],[31,28],[49,-75],[0,-138],[-74,-42],[-20,24],[-54,-100],[-68,2],[-4,-29]],[[1339,264],[-13,53],[-47,-17],[-17,113],[-115,89],[-36,85]],[[1016,468],[95,119]],[[1339,264],[-28,-43],[-59,15],[-32,27],[-44,-2],[-72,21],[-51,-4],[-48,17]],[[1005,295],[-10,92],[21,81]],[[830,221],[-32,135]],[[798,356],[93,67],[-36,37],[3,74]],[[858,534],[30,5],[94,-24],[34,-47]],[[1005,295],[-79,-12],[-96,-62]],[[721,506],[30,34],[61,20],[46,-26]],[[798,356],[-24,89],[-53,61]],[[698,529],[23,-23]],[[830,221],[-57,-29],[-45,-78]],[[728,114],[-25,98],[-2,56],[-93,197]],[[728,114],[-32,-68],[-39,-46],[-108,19],[-58,74],[-47,112],[-72,69]],[[570,952],[20,-110],[-19,-38],[75,-44]],[[646,760],[-12,-56]],[[511,885],[-10,45]],[[491,1062],[1,55]],[[492,1117],[1,0]],[[359,975],[-12,90],[86,59],[59,-7]],[[668,860],[-22,-100]],[[748,813],[-8,-120]]],"objects":{"map":{"type":"GeometryCollection","geometries":[{"arcs":[[0,1,2,3,4,5,6]],"type":"Polygon","properties":{"id":"6602800-001","name":"大里里"}},{"arcs":[[7,8,-7,9,10]],"type":"Polygon","properties":{"id":"6602800-002","name":"新里里"}},{"arcs":[[-11,11,12]],"type":"Polygon","properties":{"id":"6602800-003","name":"樹王里"}},{"arcs":[[13,14,15,16]],"type":"Polygon","properties":{"id":"6602800-004","name":"東興里"}},{"arcs":[[17,18,19]],"type":"Polygon","properties":{"id":"6602800-005","name":"祥興里"}},{"arcs":[[20,21,22,23,24,-18]],"type":"Polygon","properties":{"id":"6602800-006","name":"日新里"}},{"arcs":[[25,26,-14,27,-24]],"type":"Polygon","properties":{"id":"6602800-007","name":"西榮里"}},{"arcs":[[28,29,30,31,-26,-23]],"type":"Polygon","properties":{"id":"6602800-008","name":"內新里"}},{"arcs":[[-29,-22,32,33]],"type":"Polygon","properties":{"id":"6602800-009","name":"東昇里"}},{"arcs":[[34,35,36,37,-30,-34]],"type":"Polygon","properties":{"id":"6602800-010","name":"立仁里"}},{"arcs":[[38,-36,39,40]],"type":"Polygon","properties":{"id":"6602800-011","name":"新仁里"}},{"arcs":[[41,42,43,44,45,-2,46]],"type":"Polygon","properties":{"id":"6602800-012","name":"大元里"}},{"arcs":[[47,-3,-46,48,49,-5]],"type":"Polygon","properties":{"id":"6602800-013","name":"夏田里"}},{"arcs":[[50,51,52,53,-43,54,55,-41]],"type":"Polygon","properties":{"id":"6602800-014","name":"仁化里"}},{"arcs":[[56,57,-52]],"type":"Polygon","properties":{"id":"6602800-015","name":"健民里"}},{"arcs":[[58,-58,59,60]],"type":"Polygon","properties":{"id":"6602800-016","name":"塗城里"}},{"arcs":[[61,62,63,-61,64]],"type":"Polygon","properties":{"id":"6602800-017","name":"瑞城里"}},{"arcs":[[65,-63,66]],"type":"Polygon","properties":{"id":"6602800-018","name":"金城里"}},{"arcs":[[-44,-54,67,-67,-62,68,69]],"type":"Polygon","properties":{"id":"6602800-019","name":"東湖里"}},{"arcs":[[-45,-70,70,-49]],"type":"Polygon","properties":{"id":"6602800-020","name":"西湖里"}},{"arcs":[[71,72,-47,-1,-9,73,-15]],"type":"Polygon","properties":{"id":"6602800-021","name":"國光里"}},{"arcs":[[-25,-28,-17,74,75,-19]],"type":"Polygon","properties":{"id":"6602800-022","name":"大明里"}},{"arcs":[[76,-75,-16,-74,-8,-13]],"type":"Polygon","properties":{"id":"6602800-023","name":"永隆里"}},{"arcs":[[-32,77,-72,-27]],"type":"Polygon","properties":{"id":"6602800-024","name":"長榮里"}},{"arcs":[[-38,78,-55,-42,-73,-78,-31]],"type":"Polygon","properties":{"id":"6602800-025","name":"中新里"}},{"arcs":[[-37,-39,-56,-79]],"type":"Polygon","properties":{"id":"6602800-026","name":"立德里"}},{"arcs":[[-59,-64,-66,-68,-53]],"type":"Polygon","properties":{"id":"6602800-027","name":"仁德里"}}]}}}