{"type":"Topology","bbox":[120.36105362500007,22.475811770000064,120.42746303400008,22.53788816900004],"transform":{"scale":[0.000052789673290950904,0.00004804674845199481],"translate":[120.36105362500007,22.475811770000064]},"arcs":[[[713,626],[28,-39],[-6,-107],[8,-78]],[[743,402],[-35,12]],[[708,414],[-10,45]],[[698,459],[-28,38],[-11,63],[-42,27]],[[617,587],[46,45],[50,-6]],[[730,667],[-17,-41]],[[617,587],[-11,-5]],[[606,582],[-13,43],[2,82]],[[595,707],[44,24],[13,124]],[[652,855],[74,11]],[[726,866],[-1,-87],[45,2],[-40,-114]],[[1223,477],[-236,-20],[-128,28],[8,39],[-33,160],[-36,-47],[-68,30]],[[726,866],[51,-5],[4,53],[34,70],[76,-31],[281,-58]],[[1172,895],[2,-162],[12,-94],[37,-162]],[[652,855],[-69,76]],[[583,931],[-26,58],[13,48],[45,33]],[[615,1070],[81,3],[60,-20],[22,44],[56,-26]],[[834,1071],[59,-30],[95,133]],[[988,1174],[11,26],[59,-8],[32,19],[168,6],[-44,-121],[-15,-110],[-27,-91]],[[615,1070],[-75,-4],[-37,33],[-63,9],[-41,31]],[[399,1139],[44,32]],[[443,1171],[166,19],[173,-48],[28,21],[45,-26],[-21,-66]],[[267,629],[-5,-110]],[[262,519],[-15,-73]],[[247,446],[-93,76],[-146,129],[-8,48],[95,140]],[[95,839],[36,-42],[49,-4],[31,-67],[1,-37],[55,-60]],[[518,576],[34,-8]],[[552,568],[-30,-66]],[[522,502],[-37,6]],[[485,508],[-34,6],[-25,-51],[-47,33],[-117,23]],[[267,629],[66,-13],[-6,49],[59,18]],[[386,683],[5,1]],[[391,684],[-12,-33],[16,-72],[123,-3]],[[396,401],[-39,-27],[-110,72]],[[485,508],[-34,-65],[-28,15],[-27,-57]],[[708,414],[-10,1],[-74,-216],[2,-23]],[[626,176],[-179,136]],[[447,312],[24,26],[68,135]],[[539,473],[66,-34],[46,32],[47,-12]],[[447,312],[-68,39],[17,50]],[[522,502],[17,-29]],[[1206,247],[-21,-227]],[[1185,20],[-143,41],[-38,18],[-34,46],[-61,-2],[-200,99]],[[709,222],[10,62]],[[719,284],[7,-3]],[[726,281],[50,-31],[430,-3]],[[443,1171],[39,55],[72,42],[70,-4],[55,28],[50,-7],[40,-30],[147,-70],[72,-11]],[[595,707],[-32,-12],[-18,-77],[-21,2]],[[524,620],[2,40],[-46,84],[68,59],[-45,45],[80,83]],[[386,683],[-56,34],[-58,75],[-24,57],[-52,88],[-3,41]],[[193,978],[6,34],[51,50],[92,18]],[[342,1080],[24,-79],[-24,-18],[55,-99],[-1,-38],[38,-25],[20,-48],[-63,-89]],[[95,839],[13,57],[85,82]],[[709,222],[5,-114]],[[714,108],[-3,-48]],[[711,60],[1,41],[-40,30]],[[672,131],[2,53],[30,105],[15,-5]],[[743,402],[7,-22],[-24,-99]],[[672,131],[-46,45]],[[1016,0],[-54,6]],[[962,6],[-2,39]],[[960,45],[28,13],[28,-58]],[[962,6],[-81,23],[-167,73],[-3,-42]],[[714,108],[60,36],[32,-6],[30,-50],[65,-55],[59,12]],[[606,582],[-54,-14]],[[518,576],[6,44]],[[342,1080],[57,59]],[[1223,477],[-17,-230]],[[1185,20],[-111,10],[-58,-30]]],"objects":{"map":{"type":"GeometryCollection","geometries":[{"arcs":[[0,1,2,3,4]],"type":"Polygon","properties":{"id":"6401300-001","name":"東林里"}},{"arcs":[[5,-5,6,7,8,9,10]],"type":"Polygon","properties":{"id":"6401300-002","name":"林園里"}},{"arcs":[[11,-11,12,13]],"type":"Polygon","properties":{"id":"6401300-003","name":"溪州里"}},{"arcs":[[-13,-10,14,15,16,17,18]],"type":"Polygon","properties":{"id":"6401300-004","name":"潭頭里"}},{"arcs":[[-17,19,20,21]],"type":"Polygon","properties":{"id":"6401300-005","name":"中厝里"}},{"arcs":[[22,23,24,25]],"type":"Polygon","properties":{"id":"6401300-006","name":"中門里"}},{"arcs":[[26,27,28,29,-23,30,31,32]],"type":"Polygon","properties":{"id":"6401300-007","name":"頂厝里"}},{"arcs":[[33,-24,-30,34]],"type":"Polygon","properties":{"id":"6401300-008","name":"港埔里"}},{"arcs":[[-3,35,36,37,38]],"type":"Polygon","properties":{"id":"6401300-009","name":"西溪里"}},{"arcs":[[-38,39,-35,-29,40]],"type":"Polygon","properties":{"id":"6401300-010","name":"港嘴里"}},{"arcs":[[41,42,43,44,45]],"type":"Polygon","properties":{"id":"6401300-011","name":"北汕里"}},{"arcs":[[-18,-22,46]],"type":"Polygon","properties":{"id":"6401300-012","name":"林內里"}},{"arcs":[[47,48,-15,-9]],"type":"Polygon","properties":{"id":"6401300-013","name":"王公里"}},{"arcs":[[-32,49,50,51]],"type":"Polygon","properties":{"id":"6401300-014","name":"林家里"}},{"arcs":[[-31,-26,52,-50]],"type":"Polygon","properties":{"id":"6401300-015","name":"龔厝里"}},{"arcs":[[53,54,55,56,-44]],"type":"Polygon","properties":{"id":"6401300-016","name":"鳳芸里"}},{"arcs":[[57,-45,-57,58,-36,-2]],"type":"Polygon","properties":{"id":"6401300-017","name":"中芸里"}},{"arcs":[[59,60,61]],"type":"Polygon","properties":{"id":"6401300-018","name":"東汕里"}},{"arcs":[[-61,62,-55,63]],"type":"Polygon","properties":{"id":"6401300-019","name":"西汕里"}},{"arcs":[[64,-27,65,-48,-8]],"type":"Polygon","properties":{"id":"6401300-020","name":"仁愛里"}},{"arcs":[[-39,-41,-28,-65,-7,-4]],"type":"Polygon","properties":{"id":"6401300-021","name":"文賢里"}},{"arcs":[[-16,-49,-66,-33,-52,66,-20]],"type":"Polygon","properties":{"id":"6401300-022","name":"廣應里"}},{"arcs":[[67,-46,-58,-1,-6,-12]],"type":"Polygon","properties":{"id":"6401300-023","name":"五福里"}},{"arcs":[[68,-62,-64,-54,-43]],"type":"Polygon","properties":{"id":"6401300-024","name":"中汕里"}}]}}}