{"type":"Topology","bbox":[119.91994788400007,25.94103655300006,119.99256444000002,25.982835760000057],"transform":{"scale":[0.000024165243261217037,0.00002119635243407548],"translate":[119.91994788400007,25.94103655300006]},"arcs":[[[770,1528],[-57,-150],[-134,-130],[-99,10],[68,115],[-181,114]],[[367,1487],[203,90],[123,175]],[[693,1752],[77,-224]],[[693,1752],[82,121]],[[775,1873],[55,59],[162,-7],[32,-51],[156,17],[-31,-139],[-240,-248],[-139,24]],[[367,1487],[-132,195],[-58,123],[111,111],[196,-2],[37,-65],[195,71],[59,-47]],[[2577,939],[-250,342]],[[2327,1281],[158,-84],[126,38],[-44,85],[173,76],[105,-89],[-21,-58],[-151,-157],[16,-79],[-112,-74]],[[2577,939],[-161,-93],[37,-108],[-165,-67],[-94,-73],[-69,99],[-161,-214],[-77,-8],[-25,-89],[-80,-25],[-72,69],[68,63],[91,326],[127,40],[58,59],[82,188],[-1,122],[126,65],[66,-12]],[[1802,281],[49,-150],[-128,-131],[-27,64],[66,82],[40,135]]],"objects":{"map":{"type":"GeometryCollection","geometries":[{"arcs":[[0,1,2]],"type":"Polygon","properties":{"id":"0900703-001","name":"青帆村"}},{"arcs":[[-3,3,4]],"type":"Polygon","properties":{"id":"0900703-002","name":"田沃村"}},{"arcs":[[-4,-2,5]],"type":"Polygon","properties":{"id":"0900703-003","name":"西坵村"}},{"arcs":[[6,7]],"type":"Polygon","properties":{"id":"0900703-004","name":"福正村"}},{"arcs":[[-7,8]],"type":"Polygon","properties":{"id":"0900703-005","name":"大坪村"}},{"type":null,"properties":{"id":"0900703-S13","name":"永留嶼9"}},{"type":null,"properties":{"id":"0900703-S14","name":"永留嶼10"}},{"type":null,"properties":{"id":"0900703-S15","name":"永留嶼11"}},{"type":null,"properties":{"id":"0900703-S16","name":"永留嶼12"}},{"type":null,"properties":{"id":"0900703-S17","name":"永留嶼13"}},{"type":null,"properties":{"id":"0900703-S18","name":"永留嶼14"}},{"type":null,"properties":{"id":"0900703-S19","name":"蛇山1"}},{"type":null,"properties":{"id":"0900703-S20","name":"犀牛嶼1"}},{"type":null,"properties":{"id":"0900703-S21","name":"犀牛嶼2"}},{"type":null,"properties":{"id":"0900703-S22","name":"犀牛嶼3"}},{"type":null,"properties":{"id":"0900703-S23","name":"犀牛嶼4"}},{"type":null,"properties":{"id":"0900703-S24","name":"犀牛嶼5"}},{"type":null,"properties":{"id":"0900703-S25","name":"犀牛嶼6"}},{"type":null,"properties":{"id":"0900703-S26","name":"犀牛嶼7"}},{"type":null,"properties":{"id":"0900703-S27","name":"犀牛嶼8"}},{"type":null,"properties":{"id":"0900703-S28","name":"犀牛嶼9"}},{"type":null,"properties":{"id":"0900703-S29","name":"犀牛嶼10"}},{"type":null,"properties":{"id":"0900703-S30","name":"犀牛嶼11"}},{"type":null,"properties":{"id":"0900703-S31","name":"犀牛嶼12"}},{"type":null,"properties":{"id":"0900703-S32","name":"犀牛嶼13"}},{"type":null,"properties":{"id":"0900703-S33","name":"犀牛嶼14"}},{"type":null,"properties":{"id":"0900703-S34","name":"犀牛嶼15"}},{"type":null,"properties":{"id":"0900703-S35","name":"大嶼1"}},{"type":null,"properties":{"id":"0900703-S36","name":"大嶼2"}},{"type":null,"properties":{"id":"0900703-S37","name":"大嶼3"}},{"type":null,"properties":{"id":"0900703-S38","name":"大嶼4"}},{"type":null,"properties":{"id":"0900703-S01","name":"蛇山1"}},{"type":null,"properties":{"id":"0900703-S02","name":"蛇山2"}},{"type":null,"properties":{"id":"0900703-S03","name":"蛇山3"}},{"type":null,"properties":{"id":"0900703-S04","name":"蛇山4"}},{"type":null,"properties":{"id":"0900703-S05","name":"永留嶼1"}},{"type":null,"properties":{"id":"0900703-S06","name":"永留嶼2"}},{"type":null,"properties":{"id":"0900703-S07","name":"永留嶼3"}},{"type":null,"properties":{"id":"0900703-S08","name":"永留嶼4"}},{"type":null,"properties":{"id":"0900703-S09","name":"永留嶼5"}},{"type":null,"properties":{"id":"0900703-S10","name":"永留嶼6"}},{"type":null,"properties":{"id":"0900703-S11","name":"永留嶼7"}},{"type":null,"properties":{"id":"0900703-S12","name":"永留嶼8"}},{"arcs":[[9]],"type":"Polygon","properties":{"id":"0900703-S39","name":"林頭嶼(林坳嶼)1"}},{"type":null,"properties":{"id":"0900703-S40","name":"林頭嶼(林坳嶼)2"}},{"type":null,"properties":{"id":"0900703-S41","name":"林頭嶼(林坳嶼)3"}}]}}}