{"type":"Topology","bbox":[120.25478862300008,22.545179002000054,120.32035228300003,22.620246920000056],"transform":{"scale":[0.0000655636599999525,0.00006443598111588155],"translate":[120.25478862300008,22.545179002000054]},"arcs":[[[632,475],[42,-50]],[[674,425],[43,-26]],[[717,399],[25,9],[215,-250],[-33,-32],[-46,18],[-44,48],[-38,-2]],[[796,190],[-46,56],[-7,50],[-85,109],[-67,70]],[[591,475],[41,0]],[[717,399],[-9,42]],[[708,441],[-54,61]],[[654,502],[-96,128],[3,13]],[[561,643],[-57,100],[-32,-17],[-50,60]],[[422,786],[-17,48],[-47,59]],[[358,893],[-9,13],[31,42],[-59,20],[16,35],[-31,9],[-27,-17]],[[279,995],[-29,48]],[[250,1043],[-26,28]],[[224,1071],[-73,32],[-37,-36]],[[114,1067],[-92,60],[-22,38],[234,-77],[96,-51],[57,-49],[54,-84],[152,-246],[59,-89],[66,-73],[56,-83],[38,-38],[188,-218],[-73,-53],[22,-41],[-87,-50],[-68,-13],[-77,10],[-43,25],[26,60],[43,49],[53,46]],[[224,1071],[-15,-17]],[[209,1054],[-39,5],[-23,-32]],[[147,1027],[-33,40]],[[209,1054],[-30,-52]],[[179,1002],[-32,25]],[[250,1043],[-68,-45]],[[182,998],[-3,4]],[[279,995],[-13,-17]],[[266,978],[-14,-10]],[[252,968],[-24,32],[-30,-20]],[[198,980],[-16,18]],[[339,878],[-33,-30]],[[306,848],[-32,36]],[[274,884],[24,16],[-46,68]],[[266,978],[73,-100]],[[274,884],[-76,96]],[[358,893],[-19,-15]],[[422,786],[-65,-26]],[[357,760],[-51,88]],[[561,643],[-62,-51]],[[499,592],[-34,24],[-20,45],[-88,99]],[[654,502],[-22,-27]],[[591,475],[-29,46],[-63,71]],[[708,441],[-34,-16]]],"objects":{"map":{"type":"GeometryCollection","geometries":[{"arcs":[[0,1,2,3,4]],"type":"Polygon","properties":{"id":"6401000-013","name":"中興里"}},{"arcs":[[-3,5,6,7,8,9,10,11,12,13,14]],"type":"Polygon","properties":{"id":"6401000-S01","name":"高雄港"}},{"arcs":[[15,16,17,-14]],"type":"Polygon","properties":{"id":"6401000-001","name":"旗下里"}},{"arcs":[[18,19,-17]],"type":"Polygon","properties":{"id":"6401000-002","name":"永安里"}},{"arcs":[[20,21,-19,-16,-13]],"type":"Polygon","properties":{"id":"6401000-003","name":"振興里"}},{"arcs":[[22,23,24,25,-21,-12]],"type":"Polygon","properties":{"id":"6401000-004","name":"慈愛里"}},{"arcs":[[26,27,28,-24,29]],"type":"Polygon","properties":{"id":"6401000-005","name":"復興里"}},{"arcs":[[-29,30,-25]],"type":"Polygon","properties":{"id":"6401000-006","name":"中華里"}},{"arcs":[[31,-30,-23,-11]],"type":"Polygon","properties":{"id":"6401000-007","name":"實踐里"}},{"arcs":[[32,33,-27,-32,-10]],"type":"Polygon","properties":{"id":"6401000-008","name":"北汕里"}},{"arcs":[[-9,34,35,-33]],"type":"Polygon","properties":{"id":"6401000-009","name":"南汕里"}},{"arcs":[[36,-5,37,-35,-8]],"type":"Polygon","properties":{"id":"6401000-010","name":"上竹里"}},{"arcs":[[38,-1,-37,-7]],"type":"Polygon","properties":{"id":"6401000-011","name":"中洲里"}},{"arcs":[[-2,-39,-6]],"type":"Polygon","properties":{"id":"6401000-012","name":"安順里"}}]}}}