{"type":"Topology","bbox":[121.31577351200008,24.928343548000043,121.38224425200008,24.982304655000064],"transform":{"scale":[0.00005417338223308863,0.000045307394626381653],"translate":[121.31577351200009,24.928343548000047]},"arcs":[[[829,508],[-60,-22],[-63,10],[-43,28]],[[663,524],[16,13]],[[679,537],[63,52]],[[742,589],[47,-1],[40,-80]],[[631,785],[97,2]],[[728,787],[-11,-121],[-45,-58]],[[672,608],[2,-22]],[[674,586],[-47,47]],[[627,633],[-132,0]],[[495,633],[47,30],[0,110],[89,12]],[[674,586],[5,-49]],[[663,524],[-38,18]],[[625,542],[-49,7]],[[576,549],[-2,58],[53,26]],[[728,787],[96,1]],[[824,788],[-20,-104],[31,-71],[93,-33]],[[928,580],[-2,-20]],[[926,560],[-97,-52]],[[742,589],[-70,19]],[[1040,968],[66,-51],[0,-32],[48,-66],[73,-16],[-67,-86],[-116,-91],[-116,-46]],[[824,788],[129,69],[51,90],[36,21]],[[625,542],[13,-68]],[[638,474],[-102,-3]],[[536,471],[-22,53]],[[514,524],[62,25]],[[419,660],[37,-2],[35,-36]],[[491,622],[-6,-30],[29,-68]],[[536,471],[-92,-34],[-56,40],[-17,40]],[[371,517],[18,104],[30,39]],[[926,560],[-26,-99],[-89,-122],[-12,-34],[-199,-130]],[[600,175],[19,61],[-42,31]],[[577,267],[14,67],[31,55],[-12,53],[28,32]],[[491,622],[4,11]],[[631,785],[-8,197],[27,55],[54,57]],[[704,1094],[98,6],[83,31],[86,-51],[16,-60],[53,-52]],[[452,1142],[45,49],[86,-77],[92,45],[29,-65]],[[419,660],[8,40],[-17,64]],[[410,764],[-5,36],[28,75],[-26,83]],[[407,958],[22,47],[-11,56],[34,81]],[[331,1041],[76,-83]],[[410,764],[-39,-1],[-34,-38]],[[337,725],[-7,51],[-60,101],[-29,29]],[[241,906],[0,97]],[[241,1003],[38,36],[52,2]],[[331,1041],[-69,80]],[[262,1121],[85,-2],[37,35],[68,-12]],[[241,1003],[-68,-58],[-27,37],[69,42],[22,35],[-26,28],[51,34]],[[577,267],[-58,-23],[-73,7]],[[446,251],[-1,56],[-153,72]],[[292,379],[-64,74],[0,145],[12,58]],[[240,656],[56,-17],[15,-59],[60,-63]],[[240,656],[4,45]],[[244,701],[93,24]],[[244,701],[-17,120],[32,30],[-18,55]],[[446,251],[-71,-101],[-37,-35],[-112,-55],[-88,-60]],[[138,0],[-1,65],[-44,49],[-46,26],[-47,84],[170,113],[100,20],[22,22]],[[600,175],[-80,-109],[-77,-63],[-101,27],[-61,-2],[-143,-28]]],"objects":{"map":{"type":"GeometryCollection","geometries":[{"arcs":[[0,1,2,3]],"type":"Polygon","properties":{"id":"6500800-001","name":"東鶯里"}},{"arcs":[[4,5,6,7,8,9]],"type":"Polygon","properties":{"id":"6500800-002","name":"西鶯里"}},{"arcs":[[10,-2,11,12,13,-8]],"type":"Polygon","properties":{"id":"6500800-003","name":"南鶯里"}},{"arcs":[[14,15,16,17,-4,18,-6]],"type":"Polygon","properties":{"id":"6500800-004","name":"北鶯里"}},{"arcs":[[-3,-11,-7,-19]],"type":"Polygon","properties":{"id":"6500800-005","name":"中鶯里"}},{"arcs":[[19,-16,20]],"type":"Polygon","properties":{"id":"6500800-006","name":"建德里"}},{"arcs":[[21,22,23,24,-13]],"type":"Polygon","properties":{"id":"6500800-007","name":"同慶里"}},{"arcs":[[25,26,-24,27,28]],"type":"Polygon","properties":{"id":"6500800-008","name":"永昌里"}},{"arcs":[[-12,-1,-18,29,30,31,-22]],"type":"Polygon","properties":{"id":"6500800-009","name":"南靖里"}},{"arcs":[[-14,-25,-27,32,-9]],"type":"Polygon","properties":{"id":"6500800-020","name":"建國里"}},{"arcs":[[-21,-15,-5,33,34]],"type":"Polygon","properties":{"id":"6500800-013","name":"東湖里"}},{"arcs":[[35,-34,-10,-33,-26,36,37,38]],"type":"Polygon","properties":{"id":"6500800-018","name":"中湖里"}},{"arcs":[[39,-38,40,41,42,43]],"type":"Polygon","properties":{"id":"6500800-015","name":"鳳鳴里"}},{"arcs":[[-40,44,45,-39]],"type":"Polygon","properties":{"id":"6500800-014","name":"大湖里"}},{"arcs":[[-45,-44,46]],"type":"Polygon","properties":{"id":"6500800-016","name":"鳳福里"}},{"arcs":[[-28,-23,-32,47,48,49,50]],"type":"Polygon","properties":{"id":"6500800-010","name":"尖山里"}},{"arcs":[[-37,-29,-51,51,52,-41]],"type":"Polygon","properties":{"id":"6500800-017","name":"永吉里"}},{"arcs":[[-53,53,-42]],"type":"Polygon","properties":{"id":"6500800-019","name":"鳳祥里"}},{"arcs":[[54,55,-49]],"type":"Polygon","properties":{"id":"6500800-011","name":"二橋里"}},{"arcs":[[-55,-48,-31,56]],"type":"Polygon","properties":{"id":"6500800-012","name":"二甲里"}}]}}}