{"type":"Topology","bbox":[121.51927925100006,25.04453212900006,121.57011587,25.092061363000084],"transform":{"scale":[0.000044671897187994606,0.00003934539238412561],"translate":[121.51927925100006,25.04453212900006]},"arcs":[[[229,92],[76,-59]],[[305,33],[-1,-8]],[[304,25],[-193,59]],[[111,84],[8,33]],[[119,117],[110,-25]],[[119,117],[18,76]],[[137,193],[51,0]],[[188,193],[41,-101]],[[111,84],[-78,6]],[[33,90],[40,106]],[[73,196],[64,-3]],[[77,266],[-4,-70]],[[33,90],[-12,53],[10,191]],[[31,334],[50,7]],[[81,341],[-4,-75]],[[185,264],[3,-71]],[[77,266],[108,-2]],[[186,343],[-1,-79]],[[81,341],[105,2]],[[186,401],[0,-58]],[[81,341],[2,77]],[[83,418],[103,-17]],[[71,567],[-5,-49]],[[66,518],[9,-54]],[[75,464],[8,-46]],[[31,334],[-31,172],[15,104]],[[15,610],[56,-43]],[[189,460],[-3,-59]],[[75,464],[114,-4]],[[189,516],[0,-56]],[[66,518],[123,-2]],[[189,562],[0,-46]],[[71,567],[118,-5]],[[128,753],[37,-36]],[[165,717],[27,-47],[-3,-108]],[[15,610],[17,132],[36,87],[60,-76]],[[563,894],[-1,-57]],[[562,837],[0,-25],[-245,10]],[[317,822],[-88,1],[-30,-75],[-34,-31]],[[128,753],[21,17],[-34,158],[39,10],[62,77],[41,17],[116,128],[90,48]],[[463,1208],[61,-52],[43,-138],[-4,-124]],[[610,1170],[58,-29],[15,-104]],[[683,1037],[-27,-104]],[[656,933],[-26,-34],[-67,-5]],[[463,1208],[90,-8],[57,-30]],[[830,1019],[-1,-246]],[[829,773],[-91,21]],[[738,794],[-45,39]],[[693,833],[38,19],[-4,76],[-71,5]],[[683,1037],[47,17],[100,-35]],[[693,833],[-131,4]],[[738,794],[-1,-59],[-61,-62],[-219,8],[-27,-45],[57,-28]],[[487,608],[0,-9]],[[487,599],[-60,1]],[[427,600],[-112,3]],[[315,603],[2,219]],[[313,603],[-1,-89]],[[312,514],[-63,2]],[[249,516],[1,88],[63,-1]],[[315,603],[-2,0]],[[249,516],[-60,0]],[[312,514],[-1,-58]],[[311,456],[-122,4]],[[398,454],[-1,-54]],[[397,400],[-2,-61]],[[395,339],[-85,2]],[[310,341],[0,61]],[[310,402],[1,54]],[[311,456],[87,-2]],[[310,402],[-124,-1]],[[310,341],[-65,1]],[[245,342],[-59,1]],[[315,603],[83,-100]],[[398,503],[0,-49]],[[487,599],[-4,-146]],[[483,453],[-85,1]],[[398,503],[28,0],[1,97]],[[559,449],[-76,4]],[[487,608],[73,-39],[-1,-120]],[[559,449],[-1,-51]],[[558,398],[-161,2]],[[558,398],[-1,-62]],[[557,336],[-44,1]],[[513,337],[-118,2]],[[310,341],[-2,-150]],[[308,191],[-66,1]],[[242,192],[3,150]],[[242,192],[-54,1]],[[308,191],[-3,-158]],[[395,339],[-2,-79]],[[393,260],[-1,-70]],[[392,190],[-84,1]],[[513,337],[-1,-80]],[[512,257],[-119,3]],[[557,336],[-1,-81]],[[556,255],[-44,2]],[[392,190],[-2,-91]],[[390,99],[-1,-60]],[[389,39],[-45,-28]],[[344,11],[-40,14]],[[389,39],[163,38]],[[552,77],[-2,-68],[-70,-9],[-136,11]],[[552,95],[0,-18]],[[390,99],[162,-4]],[[554,186],[-2,-91]],[[392,190],[162,-4]],[[556,255],[-2,-69]],[[830,1019],[31,-3]],[[861,1016],[73,-7],[37,-99],[30,-38],[137,-48],[-147,-111],[-34,-3],[-128,63]],[[610,1170],[107,29],[42,-77],[79,-51],[23,-55]]],"objects":{"map":{"type":"GeometryCollection","geometries":[{"arcs":[[0,1,2,3,4]],"type":"Polygon","properties":{"id":"6300400-001","name":"正守里"}},{"arcs":[[-5,5,6,7]],"type":"Polygon","properties":{"id":"6300400-002","name":"正義里"}},{"arcs":[[-6,-4,8,9,10]],"type":"Polygon","properties":{"id":"6300400-003","name":"正得里"}},{"arcs":[[11,-10,12,13,14]],"type":"Polygon","properties":{"id":"6300400-004","name":"民安里"}},{"arcs":[[15,-7,-11,-12,16]],"type":"Polygon","properties":{"id":"6300400-005","name":"康樂里"}},{"arcs":[[17,-17,-15,18]],"type":"Polygon","properties":{"id":"6300400-006","name":"中山里"}},{"arcs":[[19,-19,20,21]],"type":"Polygon","properties":{"id":"6300400-007","name":"聚盛里"}},{"arcs":[[22,23,24,-21,-14,25,26]],"type":"Polygon","properties":{"id":"6300400-008","name":"集英里"}},{"arcs":[[27,-22,-25,28]],"type":"Polygon","properties":{"id":"6300400-009","name":"聚葉里"}},{"arcs":[[29,-29,-24,30]],"type":"Polygon","properties":{"id":"6300400-010","name":"恆安里"}},{"arcs":[[31,-31,-23,32]],"type":"Polygon","properties":{"id":"6300400-011","name":"晴光里"}},{"arcs":[[33,34,-33,-27,35]],"type":"Polygon","properties":{"id":"6300400-012","name":"圓山里"}},{"arcs":[[36,37,38,-34,39,40]],"type":"Polygon","properties":{"id":"6300400-013","name":"劍潭里"}},{"arcs":[[41,42,43,-41,44]],"type":"Polygon","properties":{"id":"6300400-014","name":"大直里"}},{"arcs":[[45,46,47,48,-43,49]],"type":"Polygon","properties":{"id":"6300400-015","name":"成功里"}},{"arcs":[[50,-37,-44,-49]],"type":"Polygon","properties":{"id":"6300400-016","name":"永安里"}},{"arcs":[[-48,51,52,53,54,55,-38,-51]],"type":"Polygon","properties":{"id":"6300400-017","name":"大佳里"}},{"arcs":[[56,57,58]],"type":"Polygon","properties":{"id":"6300400-018","name":"新喜里"}},{"arcs":[[-56,59,-59,60,-32,-35,-39]],"type":"Polygon","properties":{"id":"6300400-019","name":"新庄里"}},{"arcs":[[-58,61,62,-30,-61]],"type":"Polygon","properties":{"id":"6300400-020","name":"新福里"}},{"arcs":[[63,64,65,66,67,68]],"type":"Polygon","properties":{"id":"6300400-021","name":"松江里"}},{"arcs":[[-68,69,-28,-63]],"type":"Polygon","properties":{"id":"6300400-022","name":"新生里"}},{"arcs":[[-67,70,71,-20,-70]],"type":"Polygon","properties":{"id":"6300400-023","name":"中庄里"}},{"arcs":[[72,73,-69,-62,-57,-60]],"type":"Polygon","properties":{"id":"6300400-024","name":"行政里"}},{"arcs":[[74,75,-74,76,-54]],"type":"Polygon","properties":{"id":"6300400-025","name":"行仁里"}},{"arcs":[[-77,-73,-55]],"type":"Polygon","properties":{"id":"6300400-026","name":"行孝里"}},{"arcs":[[77,-75,-53,78]],"type":"Polygon","properties":{"id":"6300400-027","name":"下埤里"}},{"arcs":[[-78,79,80,-64,-76]],"type":"Polygon","properties":{"id":"6300400-028","name":"江寧里"}},{"arcs":[[81,82,83,-65,-81]],"type":"Polygon","properties":{"id":"6300400-029","name":"江山里"}},{"arcs":[[84,85,86,-71]],"type":"Polygon","properties":{"id":"6300400-030","name":"中吉里"}},{"arcs":[[-87,87,-16,-18,-72]],"type":"Polygon","properties":{"id":"6300400-031","name":"中原里"}},{"arcs":[[-86,88,-1,-8,-88]],"type":"Polygon","properties":{"id":"6300400-032","name":"興亞里"}},{"arcs":[[89,90,91,-85,-66]],"type":"Polygon","properties":{"id":"6300400-033","name":"中央里"}},{"arcs":[[92,93,-90,-84]],"type":"Polygon","properties":{"id":"6300400-034","name":"朱馥里"}},{"arcs":[[94,95,-93,-83]],"type":"Polygon","properties":{"id":"6300400-035","name":"龍洲里"}},{"arcs":[[96,97,98,99,-2,-89,-92]],"type":"Polygon","properties":{"id":"6300400-036","name":"朱園里"}},{"arcs":[[-99,100,101]],"type":"Polygon","properties":{"id":"6300400-037","name":"埤頭里"}},{"arcs":[[102,-101,-98,103]],"type":"Polygon","properties":{"id":"6300400-038","name":"朱崙里"}},{"arcs":[[104,-104,-97,105]],"type":"Polygon","properties":{"id":"6300400-039","name":"力行里"}},{"arcs":[[-96,106,-106,-91,-94]],"type":"Polygon","properties":{"id":"6300400-040","name":"復華里"}},{"arcs":[[-46,107,108]],"type":"Polygon","properties":{"id":"6300400-041","name":"金泰里"}},{"arcs":[[-108,-50,-42,109]],"type":"Polygon","properties":{"id":"6300400-042","name":"北安里"}}]}}}