{"type":"Topology","bbox":[121.70624146400007,25.129213246000063,121.75346942400006,25.165452004000088],"transform":{"scale":[0.000043051923427517345,0.00003634780140423723],"translate":[121.70624146400006,25.129213246000063]},"arcs":[[[734,18],[-38,-18],[-30,57]],[[666,57],[68,-39]],[[745,52],[-11,-34]],[[666,57],[2,12]],[[668,69],[31,20]],[[699,89],[46,-37]],[[754,66],[-9,-14]],[[699,89],[4,28]],[[703,117],[1,12]],[[704,129],[50,-63]],[[705,182],[83,-56]],[[788,126],[-34,-60]],[[704,129],[1,53]],[[810,181],[-22,-55]],[[705,182],[-6,30]],[[699,212],[111,-31]],[[814,293],[20,-72],[-24,-40]],[[699,212],[-10,4]],[[689,216],[-26,60]],[[663,276],[89,-6],[62,23]],[[792,346],[22,-53]],[[663,276],[-16,27]],[[647,303],[71,35],[74,8]],[[647,303],[-17,21]],[[630,324],[63,79],[41,16]],[[734,419],[44,-39]],[[778,380],[14,-34]],[[816,544],[20,-57]],[[836,487],[28,-56]],[[864,431],[-53,-36]],[[811,395],[-33,-15]],[[734,419],[-11,47]],[[723,466],[37,8],[56,70]],[[683,507],[40,-41]],[[630,324],[-24,27]],[[606,351],[-49,73]],[[557,424],[28,51]],[[585,475],[42,32],[56,0]],[[683,507],[35,69]],[[718,576],[51,26],[47,-58]],[[407,987],[61,-43],[79,10],[97,-142],[75,53],[110,-91]],[[829,774],[-47,-102],[34,-128]],[[718,576],[-32,74],[-54,28],[-11,85],[-88,89],[-69,-4]],[[464,848],[-70,13]],[[394,861],[13,126]],[[585,475],[-65,145]],[[520,620],[7,69],[-31,21],[-32,138]],[[999,539],[22,-49],[67,36],[9,-76],[-57,-6]],[[1040,444],[-87,-29],[-54,35],[-35,-19]],[[836,487],[74,45],[89,7]],[[829,774],[180,-10],[6,-61],[-94,-101],[30,-20],[101,59],[25,-52],[-78,-50]],[[668,69],[-7,58]],[[661,127],[42,-10]],[[661,127],[-53,73]],[[608,200],[81,16]],[[608,200],[-63,56]],[[545,256],[11,45],[50,50]],[[545,256],[-85,87]],[[460,343],[-16,61]],[[444,404],[113,20]],[[444,404],[-45,5],[-19,77],[73,4],[3,49]],[[456,539],[64,81]],[[460,343],[-182,-7],[-37,59],[-32,94]],[[209,489],[77,26],[-18,80],[-133,38]],[[135,633],[-29,167],[-59,20],[-47,65],[94,80],[71,32],[183,-29],[59,19]],[[394,861],[-22,-87],[17,-124],[67,-111]],[[1040,444],[31,-26],[-114,-93],[-66,-34],[-49,31],[-31,73]],[[209,489],[-74,144]]],"objects":{"map":{"type":"GeometryCollection","geometries":[{"arcs":[[0,1]],"type":"Polygon","properties":{"id":"1001705-001","name":"新建里"}},{"arcs":[[2,-2,3,4,5]],"type":"Polygon","properties":{"id":"1001705-002","name":"安民里"}},{"arcs":[[6,-6,7,8,9]],"type":"Polygon","properties":{"id":"1001705-003","name":"安平里"}},{"arcs":[[10,11,-10,12]],"type":"Polygon","properties":{"id":"1001705-004","name":"中山里"}},{"arcs":[[13,-11,14,15]],"type":"Polygon","properties":{"id":"1001705-005","name":"民治里"}},{"arcs":[[16,-16,17,18,19]],"type":"Polygon","properties":{"id":"1001705-006","name":"中興里"}},{"arcs":[[20,-20,21,22]],"type":"Polygon","properties":{"id":"1001705-007","name":"仁正里"}},{"arcs":[[23,24,25,26,-23]],"type":"Polygon","properties":{"id":"1001705-008","name":"健民里"}},{"arcs":[[27,28,29,30,-26,31,32]],"type":"Polygon","properties":{"id":"1001705-009","name":"通化里"}},{"arcs":[[33,-32,-25,34,35,36,37]],"type":"Polygon","properties":{"id":"1001705-010","name":"居仁里"}},{"arcs":[[-33,-34,38,39]],"type":"Polygon","properties":{"id":"1001705-011","name":"通明里"}},{"arcs":[[40,41,-40,42,43,44]],"type":"Polygon","properties":{"id":"1001705-012","name":"協和里"}},{"arcs":[[-43,-39,-38,45,46]],"type":"Polygon","properties":{"id":"1001705-013","name":"文化里"}},{"arcs":[[47,48,-29,49]],"type":"Polygon","properties":{"id":"1001705-014","name":"仙洞里"}},{"arcs":[[-50,-28,-42,50]],"type":"Polygon","properties":{"id":"1001705-015","name":"太白里"}},{"arcs":[[-8,-5,51,52]],"type":"Polygon","properties":{"id":"1001705-016","name":"西榮里"}},{"arcs":[[-18,-15,-13,-9,-53,53,54]],"type":"Polygon","properties":{"id":"1001705-017","name":"西華里"}},{"arcs":[[-24,-22,-19,-55,55,56,-35]],"type":"Polygon","properties":{"id":"1001705-018","name":"西定里"}},{"arcs":[[-36,-57,57,58,59]],"type":"Polygon","properties":{"id":"1001705-019","name":"西康里"}},{"arcs":[[60,61,-46,-37,-60]],"type":"Polygon","properties":{"id":"1001705-020","name":"德和里"}},{"arcs":[[-59,62,63,64,-45,65,-61]],"type":"Polygon","properties":{"id":"1001705-021","name":"中和里"}},{"arcs":[[-44,-47,-62,-66]],"type":"Polygon","properties":{"id":"1001705-022","name":"德安里"}},{"arcs":[[66,-30,-49]],"type":"Polygon","properties":{"id":"1001705-023","name":"和平里"}},{"arcs":[[67,-64]],"type":"Polygon","properties":{"id":"1001705-024","name":"和慶里"}}]}}}