{"type":"Topology","bbox":[121.483338731,25.009155759000066,121.51287911100007,25.04964516800004],"transform":{"scale":[0.00004389358098078946,0.000036675189311570953],"translate":[121.483338731,25.00915575900007]},"arcs":[[[588,982],[-126,36],[-55,-13]],[[407,1005],[84,99],[123,-45],[-26,-77]],[[588,982],[-13,-53]],[[575,929],[-130,35]],[[445,964],[-57,16]],[[388,980],[19,25]],[[575,929],[-7,-29]],[[568,900],[-29,-19],[-107,7]],[[432,888],[13,76]],[[568,900],[-19,-80]],[[549,820],[-74,15]],[[475,835],[-49,9]],[[426,844],[6,44]],[[426,844],[-48,1]],[[378,845],[-45,-2],[-91,70]],[[242,913],[146,67]],[[378,845],[-14,-133]],[[364,712],[-113,4]],[[251,716],[63,84],[-162,102]],[[152,902],[90,11]],[[426,844],[-18,-133]],[[408,711],[-44,1]],[[475,835],[-15,-87]],[[460,748],[-52,-37]],[[549,820],[-21,-87]],[[528,733],[-68,15]],[[528,733],[-27,-71]],[[501,662],[-109,-13]],[[392,649],[-58,6]],[[334,655],[30,57]],[[501,662],[-27,-93]],[[474,569],[-54,-11]],[[420,558],[-29,-6]],[[391,552],[1,97]],[[391,552],[-111,-18]],[[280,534],[54,120]],[[334,654],[0,1]],[[489,546],[-48,-32]],[[441,514],[-21,44]],[[474,569],[15,-23]],[[541,480],[-13,-18]],[[528,462],[-63,-23]],[[465,439],[-4,12]],[[461,451],[-20,63]],[[489,546],[52,-66]],[[334,654],[-72,-38]],[[262,616],[-42,59]],[[220,675],[30,40]],[[250,715],[1,1]],[[280,534],[-90,5]],[[190,539],[72,77]],[[190,539],[-52,-38]],[[138,501],[-2,60],[84,114]],[[138,501],[-50,-14]],[[88,487],[-75,162],[-13,64]],[[0,713],[250,2]],[[0,713],[8,44],[96,135],[48,10]],[[390,469],[-82,-32]],[[308,437],[-34,85]],[[274,522],[6,12]],[[391,552],[-1,-83]],[[461,451],[-42,-6]],[[419,445],[-29,-3]],[[390,442],[0,27]],[[308,437],[8,-21]],[[316,416],[-40,-21]],[[276,395],[-12,32]],[[264,427],[-27,57]],[[237,484],[37,38]],[[276,395],[6,-24]],[[282,371],[-158,-50]],[[124,321],[2,28]],[[126,349],[62,23],[76,55]],[[237,484],[-67,-68],[-46,-19]],[[124,397],[-36,90]],[[126,349],[-2,48]],[[390,442],[-41,-104]],[[349,338],[-33,78]],[[349,338],[-8,-16]],[[341,322],[-50,11]],[[291,333],[-9,38]],[[291,333],[-169,-56]],[[122,277],[2,44]],[[125,217],[-3,60]],[[291,333],[-37,-76],[-129,-40]],[[417,351],[-39,-22]],[[378,329],[-29,9]],[[419,445],[-2,-94]],[[378,329],[91,-150]],[[469,179],[-88,-93],[-107,-84]],[[274,2],[7,205],[60,115]],[[274,2],[-46,-2],[-80,80],[-23,137]],[[517,254],[-48,-75]],[[417,351],[22,1]],[[439,352],[-3,-23],[81,-75]],[[465,439],[-26,-87]],[[589,432],[-61,30]],[[541,480],[48,-48]],[[589,432],[82,-27],[2,-63],[-101,-16],[-55,-72]]],"objects":{"map":{"type":"GeometryCollection","geometries":[{"arcs":[[0,1]],"type":"Polygon","properties":{"id":"6300700-001","name":"福星里"}},{"arcs":[[2,3,4,5,-1]],"type":"Polygon","properties":{"id":"6300700-002","name":"萬壽里"}},{"arcs":[[6,7,8,-4]],"type":"Polygon","properties":{"id":"6300700-003","name":"西門里"}},{"arcs":[[9,10,11,12,-8]],"type":"Polygon","properties":{"id":"6300700-004","name":"新起里"}},{"arcs":[[-9,-13,13,14,15,-5]],"type":"Polygon","properties":{"id":"6300700-005","name":"菜園里"}},{"arcs":[[16,17,18,19,-15]],"type":"Polygon","properties":{"id":"6300700-006","name":"青山里"}},{"arcs":[[20,21,-17,-14]],"type":"Polygon","properties":{"id":"6300700-007","name":"富民里"}},{"arcs":[[22,23,-21,-12]],"type":"Polygon","properties":{"id":"6300700-008","name":"福音里"}},{"arcs":[[24,25,-23,-11]],"type":"Polygon","properties":{"id":"6300700-009","name":"仁德里"}},{"arcs":[[26,27,28,29,-22,-24,-26]],"type":"Polygon","properties":{"id":"6300700-010","name":"富福里"}},{"arcs":[[30,31,32,33,-28]],"type":"Polygon","properties":{"id":"6300700-011","name":"頂碩里"}},{"arcs":[[-34,34,35,36,-29]],"type":"Polygon","properties":{"id":"6300700-012","name":"雙園里"}},{"arcs":[[37,38,-32,39]],"type":"Polygon","properties":{"id":"6300700-013","name":"新忠里"}},{"arcs":[[40,41,42,43,-38,44]],"type":"Polygon","properties":{"id":"6300700-014","name":"新和里"}},{"arcs":[[-30,-37,45,46,47,48,-18]],"type":"Polygon","properties":{"id":"6300700-015","name":"糖廍里"}},{"arcs":[[-36,49,50,-46]],"type":"Polygon","properties":{"id":"6300700-016","name":"和平里"}},{"arcs":[[-51,51,52,-47]],"type":"Polygon","properties":{"id":"6300700-017","name":"綠堤里"}},{"arcs":[[-48,-53,53,54,55]],"type":"Polygon","properties":{"id":"6300700-018","name":"華江里"}},{"arcs":[[-49,-56,56,-19]],"type":"Polygon","properties":{"id":"6300700-019","name":"柳鄉里"}},{"arcs":[[57,58,59,-35,60]],"type":"Polygon","properties":{"id":"6300700-020","name":"日善里"}},{"arcs":[[-44,61,62,63,-61,-33,-39]],"type":"Polygon","properties":{"id":"6300700-021","name":"新安里"}},{"arcs":[[64,65,66,67,68,-59]],"type":"Polygon","properties":{"id":"6300700-022","name":"忠德里"}},{"arcs":[[69,70,71,72,-67]],"type":"Polygon","properties":{"id":"6300700-023","name":"孝德里"}},{"arcs":[[-60,-69,73,74,-54,-52,-50]],"type":"Polygon","properties":{"id":"6300700-024","name":"和德里"}},{"arcs":[[-73,75,-74,-68]],"type":"Polygon","properties":{"id":"6300700-025","name":"錦德里"}},{"arcs":[[76,77,-65,-58,-64]],"type":"Polygon","properties":{"id":"6300700-026","name":"全德里"}},{"arcs":[[78,79,80,-70,-66,-78]],"type":"Polygon","properties":{"id":"6300700-027","name":"保德里"}},{"arcs":[[81,82,-71,-81]],"type":"Polygon","properties":{"id":"6300700-028","name":"銘德里"}},{"arcs":[[83,-82,84]],"type":"Polygon","properties":{"id":"6300700-029","name":"榮德里"}},{"arcs":[[85,86,-77,-63,87]],"type":"Polygon","properties":{"id":"6300700-030","name":"壽德里"}},{"arcs":[[88,89,90,-79,-87]],"type":"Polygon","properties":{"id":"6300700-031","name":"興德里"}},{"arcs":[[-91,91,-85,-80]],"type":"Polygon","properties":{"id":"6300700-032","name":"華中里"}},{"arcs":[[92,-89,-86,93,94]],"type":"Polygon","properties":{"id":"6300700-033","name":"日祥里"}},{"arcs":[[95,-94,-88,-62,-43]],"type":"Polygon","properties":{"id":"6300700-034","name":"忠貞里"}},{"arcs":[[96,-41,97]],"type":"Polygon","properties":{"id":"6300700-035","name":"凌霄里"}},{"arcs":[[98,-95,-96,-42,-97]],"type":"Polygon","properties":{"id":"6300700-036","name":"騰雲里"}}]}}}