{"type":"Topology","bbox":[121.7427116880001,25.121940488000064,122.10914406000006,25.63319376000004],"transform":{"scale":[0.000041873199862868575,0.00003871078004088561],"translate":[121.74271168800009,25.121940488000064]},"arcs":[[[88,297],[36,-33]],[[124,264],[-41,-70],[-38,23]],[[45,217],[43,80]],[[167,313],[11,-1]],[[178,312],[-54,-48]],[[88,297],[17,21]],[[105,318],[62,-5]],[[117,343],[52,-16]],[[169,327],[-2,-14]],[[105,318],[12,25]],[[117,343],[29,38]],[[146,381],[23,-54]],[[120,406],[26,-25]],[[45,217],[-45,27],[83,139],[37,23]],[[120,406],[38,23]],[[158,429],[28,-54],[55,26]],[[241,401],[44,-57]],[[285,344],[-80,-52],[-27,20]],[[158,429],[16,10]],[[174,439],[67,-38]],[[297,518],[22,-34]],[[319,484],[35,-52],[22,-80]],[[376,352],[-91,-8]],[[174,439],[123,79]],[[415,341],[-39,11]],[[319,484],[50,-3],[56,34]],[[425,515],[21,-67],[-35,-37],[4,-70]],[[465,699],[67,-45]],[[532,654],[-4,-52]],[[528,602],[-71,-59]],[[457,543],[-32,-28]],[[297,518],[65,40],[67,8],[-19,70],[55,63]],[[457,543],[41,-139]],[[498,404],[-83,-63]],[[528,602],[106,-128],[80,-62]],[[714,412],[-119,-48],[-97,40]],[[593,698],[53,3]],[[646,701],[86,-59],[49,-98]],[[781,544],[-67,-132]],[[532,654],[61,44]],[[533,755],[60,-57]],[[465,699],[68,56]],[[990,671],[-48,8]],[[942,679],[-36,-82]],[[906,597],[-125,-53]],[[646,701],[15,27]],[[661,728],[53,38],[-85,58]],[[629,824],[61,43],[52,-14],[29,-65],[66,-23],[96,9],[74,-53],[-17,-50]],[[589,1032],[69,-41]],[[658,991],[-38,-25],[-62,-128]],[[558,838],[-47,2]],[[511,840],[78,192]],[[658,991],[123,-13],[-6,-61],[-120,-46],[-33,-36],[6,-13]],[[628,822],[-3,-3]],[[625,819],[-67,19]],[[511,840],[-78,-18],[-36,21],[22,55],[-47,20],[-29,63],[66,43],[53,-32],[6,83],[76,-1],[45,-42]],[[1405,663],[1,-85],[-66,-86]],[[1340,492],[-68,2]],[[1272,494],[-19,11]],[[1253,505],[6,52],[-59,90],[24,25],[89,5],[92,-14]],[[990,671],[0,-24],[88,-69],[35,18],[106,-117],[34,26]],[[1272,494],[-8,-38],[-69,-11]],[[1195,445],[-67,42]],[[1128,487],[-172,129],[-14,63]],[[1460,298],[-83,66],[-38,61],[1,67]],[[1405,663],[95,12],[5,-81],[-34,-8],[-46,-97],[8,-116],[27,-75]],[[1460,298],[36,-81],[-38,-76],[29,-43],[-59,-98],[-128,87],[-59,26],[-118,149]],[[1123,262],[4,106],[68,77]],[[609,800],[52,-72]],[[533,755],[76,45]],[[628,822],[1,2]],[[609,800],[16,19]],[[1128,487],[-21,-74],[-64,-120]],[[1043,293],[-40,10],[-30,112],[3,91],[-70,91]],[[1123,262],[-80,31]],[[8016,13206],[133,1],[28,-100],[-106,-156],[-57,-4],[-132,94],[-12,43],[52,95],[94,27]],[[8699,9440],[20,-79],[-55,-60],[-48,38],[0,70],[42,41],[41,-10]],[[1084,1905],[19,-93],[-65,-18],[-77,-44],[-34,30],[21,56],[51,50],[85,19]]],"objects":{"map":{"type":"GeometryCollection","geometries":[{"arcs":[[0,1,2]],"type":"Polygon","properties":{"id":"1001701-001","name":"德義里"}},{"arcs":[[3,4,-1,5,6]],"type":"Polygon","properties":{"id":"1001701-002","name":"正義里"}},{"arcs":[[7,8,-7,9]],"type":"Polygon","properties":{"id":"1001701-003","name":"信義里"}},{"arcs":[[-8,10,11]],"type":"Polygon","properties":{"id":"1001701-004","name":"義重里"}},{"arcs":[[12,-11,-10,-6,-3,13]],"type":"Polygon","properties":{"id":"1001701-005","name":"港通里"}},{"arcs":[[-13,14,15,16,17,-4,-9,-12]],"type":"Polygon","properties":{"id":"1001701-006","name":"中船里"}},{"arcs":[[18,19,-16]],"type":"Polygon","properties":{"id":"1001701-007","name":"正船里"}},{"arcs":[[20,21,22,-17,-20,23]],"type":"Polygon","properties":{"id":"1001701-008","name":"入船里"}},{"arcs":[[24,-22,25,26]],"type":"Polygon","properties":{"id":"1001701-009","name":"中砂里"}},{"arcs":[[27,28,29,30,-26,-21,31]],"type":"Polygon","properties":{"id":"1001701-010","name":"正砂里"}},{"arcs":[[32,33,-27,-31]],"type":"Polygon","properties":{"id":"1001701-011","name":"真砂里"}},{"arcs":[[34,35,-33,-30]],"type":"Polygon","properties":{"id":"1001701-012","name":"砂灣里"}},{"arcs":[[36,37,38,-35,-29,39]],"type":"Polygon","properties":{"id":"1001701-013","name":"建國里"}},{"arcs":[[40,-40,-28,41]],"type":"Polygon","properties":{"id":"1001701-014","name":"中濱里"}},{"arcs":[[42,43,44,-38,45,46,47]],"type":"Polygon","properties":{"id":"1001701-015","name":"海濱里"}},{"arcs":[[48,49,50,51]],"type":"Polygon","properties":{"id":"1001701-016","name":"社寮里"}},{"arcs":[[52,53,54,-50]],"type":"Polygon","properties":{"id":"1001701-017","name":"和憲里"}},{"arcs":[[-52,55]],"type":"Polygon","properties":{"id":"1001701-018","name":"平寮里"}},{"arcs":[[56,57,58,59]],"type":"Polygon","properties":{"id":"1001701-019","name":"八斗里"}},{"arcs":[[-43,60,-59,61,62,63]],"type":"Polygon","properties":{"id":"1001701-020","name":"碧砂里"}},{"arcs":[[64,-57,65]],"type":"Polygon","properties":{"id":"1001701-021","name":"長潭里"}},{"arcs":[[-65,66,67,-62,-58]],"type":"Polygon","properties":{"id":"1001701-022","name":"砂子里"}},{"arcs":[[68,-46,-37,-41,69]],"type":"Polygon","properties":{"id":"1001701-023","name":"中正里"}},{"arcs":[[70,-47,-69,71,-54]],"type":"Polygon","properties":{"id":"1001701-024","name":"正濱里"}},{"arcs":[[-44,-64,72,73]],"type":"Polygon","properties":{"id":"1001701-025","name":"新豐里"}},{"arcs":[[74,-73,-63,-68]],"type":"Polygon","properties":{"id":"1001701-026","name":"新富里"}},{"arcs":[[75]],"type":"Polygon","properties":{"id":"1001701-S01","name":"彭佳嶼"}},{"arcs":[[76]],"type":"Polygon","properties":{"id":"1001701-S02","name":"棉花嶼"}},{"type":null,"properties":{"id":"1001701-S03","name":"花瓶嶼"}},{"arcs":[[77]],"type":"Polygon","properties":{"id":"1001701-S04","name":"基隆嶼"}}]}}}