{"type":"Topology","bbox":[120.27740783600007,22.616206341000066,120.29041845200004,22.634765455000036],"transform":{"scale":[0.000026715843942451965,0.00002890827725852044],"translate":[120.27740783600007,22.616206341000066]},"arcs":[[[323,528],[-84,18]],[[239,546],[-41,17]],[[198,563],[88,79],[37,-114]],[[203,487],[-47,15]],[[156,502],[42,61]],[[239,546],[-36,-59]],[[203,487],[-23,-42]],[[180,445],[-1,-1]],[[179,444],[-62,6]],[[117,450],[39,52]],[[323,528],[20,-47]],[[343,481],[-79,13],[-40,-67]],[[224,427],[-44,18]],[[167,326],[-26,53]],[[141,379],[38,65]],[[224,427],[-57,-101]],[[198,312],[-19,-32]],[[179,280],[-51,23]],[[128,303],[-88,40]],[[40,343],[44,62]],[[84,405],[57,-26]],[[167,326],[31,-14]],[[238,253],[-58,26]],[[180,279],[-1,1]],[[198,312],[19,33]],[[217,345],[59,-26]],[[276,319],[-38,-66]],[[224,427],[33,-14]],[[257,413],[-40,-68]],[[449,283],[-93,-1],[-37,-67]],[[319,215],[-81,38]],[[276,319],[20,34]],[[296,353],[109,13]],[[405,366],[44,-83]],[[478,153],[-81,26]],[[397,179],[-78,36]],[[449,283],[29,-130]],[[260,118],[-81,36]],[[179,154],[59,99]],[[319,215],[-59,-97]],[[318,41],[79,138]],[[478,153],[9,-53],[-72,-100],[-97,41]],[[318,41],[-57,25]],[[261,66],[-1,52]],[[122,179],[-2,1]],[[120,180],[-51,22]],[[69,202],[59,101]],[[180,279],[-58,-100]],[[69,202],[-62,-17]],[[7,185],[-7,105],[40,53]],[[120,180],[4,-63]],[[124,117],[-117,68]],[[343,481],[62,-115]],[[296,353],[-39,60]],[[84,405],[33,45]],[[261,66],[-137,51]],[[122,179],[57,-25]]],"objects":{"map":{"type":"GeometryCollection","geometries":[{"arcs":[[0,1,2]],"type":"Polygon","properties":{"id":"6400100-001","name":"藍橋里"}},{"arcs":[[3,4,-2,5]],"type":"Polygon","properties":{"id":"6400100-002","name":"慈愛里"}},{"arcs":[[-4,6,7,8,9]],"type":"Polygon","properties":{"id":"6400100-003","name":"博愛里"}},{"arcs":[[10,11,12,-7,-6,-1]],"type":"Polygon","properties":{"id":"6400100-004","name":"壽星里"}},{"arcs":[[13,14,-8,-13,15]],"type":"Polygon","properties":{"id":"6400100-005","name":"中山里"}},{"arcs":[[16,17,18,19,20,-14,21]],"type":"Polygon","properties":{"id":"6400100-006","name":"教仁里"}},{"arcs":[[22,23,-17,24,25,26]],"type":"Polygon","properties":{"id":"6400100-007","name":"新樂里"}},{"arcs":[[-22,-16,27,28,-25]],"type":"Polygon","properties":{"id":"6400100-008","name":"中原里"}},{"arcs":[[29,30,-27,31,32,33]],"type":"Polygon","properties":{"id":"6400100-009","name":"光明里"}},{"arcs":[[34,35,-30,36]],"type":"Polygon","properties":{"id":"6400100-010","name":"育仁里"}},{"arcs":[[37,38,-31,39]],"type":"Polygon","properties":{"id":"6400100-011","name":"河濱里"}},{"arcs":[[40,-35,41]],"type":"Polygon","properties":{"id":"6400100-012","name":"沙地里"}},{"arcs":[[42,43,-40,-36,-41]],"type":"Polygon","properties":{"id":"6400100-013","name":"南端里"}},{"arcs":[[44,45,46,-18,-24,47]],"type":"Polygon","properties":{"id":"6400100-014","name":"港都里"}},{"arcs":[[48,49,-19,-47]],"type":"Polygon","properties":{"id":"6400100-015","name":"江西里"}},{"arcs":[[-46,50,51,-49]],"type":"Polygon","properties":{"id":"6400100-016","name":"新豐里"}},{"arcs":[[52,-33,53,-28,-12]],"type":"Polygon","properties":{"id":"6400100-017","name":"府北里"}},{"arcs":[[-15,-21,54,-9]],"type":"Polygon","properties":{"id":"6400100-018","name":"陸橋里"}},{"arcs":[[-26,-29,-54,-32]],"type":"Polygon","properties":{"id":"6400100-019","name":"瀨南里"}},{"arcs":[[55,-51,-45,56,-38,-44]],"type":"Polygon","properties":{"id":"6400100-020","name":"新化里"}},{"arcs":[[-57,-48,-23,-39]],"type":"Polygon","properties":{"id":"6400100-021","name":"江南里"}}]}}}