{"type":"Topology","bbox":[120.44598990400004,23.920245768000086,120.51578093300009,23.98392958000005],"transform":{"scale":[0.000046311233576671294,0.00004898754769228092],"translate":[120.44598990400003,23.920245768000086]},"arcs":[[[785,907],[-4,-88]],[[781,819],[-58,-6]],[[723,813],[-1,25]],[[722,838],[-19,70]],[[703,908],[82,-1]],[[781,819],[-2,-54]],[[779,765],[-54,-13]],[[725,752],[-2,61]],[[722,838],[-78,-4]],[[644,834],[-7,62],[-43,42]],[[594,938],[10,1]],[[604,939],[81,-9],[18,-22]],[[725,752],[-35,6]],[[690,758],[-48,76]],[[642,834],[2,0]],[[620,1272],[46,-51],[39,-14]],[[705,1207],[4,-54],[67,-58],[17,-39],[9,-136],[-17,-13]],[[604,939],[49,36],[28,74],[-52,145],[-9,78]],[[594,938],[-84,-4],[3,70],[-91,-4]],[[422,1000],[10,121],[-3,112],[35,49],[111,18],[45,-28]],[[642,834],[-59,-20],[-7,-45]],[[576,769],[-65,12]],[[511,781],[-32,14]],[[479,795],[-60,41],[15,73],[-61,28]],[[373,937],[49,63]],[[479,795],[-61,0],[-12,-32],[-63,2]],[[343,765],[1,21],[-114,0],[-17,50]],[[213,836],[133,71],[27,30]],[[576,769],[31,-2],[39,-52]],[[646,715],[-24,-22],[8,-50],[96,-110]],[[726,533],[-61,8],[-61,-58],[-39,-1],[-97,31]],[[468,513],[-1,33],[36,98],[8,137]],[[779,765],[0,-1]],[[779,764],[-7,-90],[11,-53]],[[783,621],[-8,-67]],[[775,554],[-49,-21]],[[646,715],[44,43]],[[468,513],[-35,8]],[[433,521],[-43,111],[-58,27],[11,106]],[[433,521],[-40,-99]],[[393,422],[-29,-79],[-38,-38]],[[326,305],[-59,43],[-79,85],[-55,139],[-133,213],[52,32],[-18,116],[82,-17],[51,-64],[46,-16]],[[1299,1118],[-2,-138],[8,-165]],[[1305,815],[-116,-69],[-47,-2],[-40,42],[-59,21]],[[1043,807],[-40,95],[-67,22],[-7,150]],[[929,1074],[175,-10],[-3,37],[72,-16],[89,0],[37,33]],[[1501,842],[-59,-16],[-137,-11]],[[1299,1118],[48,39],[89,12],[48,-34],[-76,-37],[-12,-108],[102,-69],[3,-79]],[[1433,652],[-67,23],[-146,7],[-57,-26]],[[1163,656],[-104,-35]],[[1059,621],[-6,8]],[[1053,629],[-15,93]],[[1038,722],[5,85]],[[1501,842],[6,-67],[-52,-42],[-22,-81]],[[1053,629],[-151,-36],[-119,28]],[[779,764],[182,-59],[77,17]],[[705,1207],[14,-38],[84,-2],[39,-85],[87,-8]],[[1433,652],[19,-147],[-45,-52]],[[1407,453],[-84,121],[-124,-27]],[[1199,547],[7,58],[-43,51]],[[1059,621],[-58,-28],[7,-56],[-18,-40],[13,-36]],[[1003,461],[-74,0],[-13,-47],[-89,-4]],[[827,410],[7,49],[-59,49],[0,46]],[[1407,453],[-68,-116]],[[1339,337],[-18,55],[-157,11],[-14,124]],[[1150,527],[49,20]],[[1150,527],[-71,-18],[-8,-63],[-68,15]],[[1339,337],[-2,-40],[-138,-57],[-10,-53],[-52,12],[-59,-10],[-43,-111],[-68,1]],[[967,79],[2,94],[-149,88],[-14,81],[21,68]],[[393,422],[34,-6],[45,-60],[81,-2],[49,20],[168,-73],[-20,-38],[40,-85],[-2,-120],[47,-58]],[[835,0],[-219,26],[-162,207],[-33,27],[-95,45]],[[967,79],[-10,-75],[-122,-4]]],"objects":{"map":{"type":"GeometryCollection","geometries":[{"arcs":[[0,1,2,3,4]],"type":"Polygon","properties":{"id":"1000711-001","name":"光平里"}},{"arcs":[[5,6,7,-2]],"type":"Polygon","properties":{"id":"1000711-002","name":"平和里"}},{"arcs":[[-4,8,9,10,11]],"type":"Polygon","properties":{"id":"1000711-003","name":"太平里"}},{"arcs":[[-3,-8,12,13,14,-9]],"type":"Polygon","properties":{"id":"1000711-004","name":"光華里"}},{"arcs":[[15,16,-5,-12,17]],"type":"Polygon","properties":{"id":"1000711-005","name":"東寮里"}},{"arcs":[[-18,-11,18,19]],"type":"Polygon","properties":{"id":"1000711-006","name":"西寮里"}},{"arcs":[[-19,-10,-15,20,21,22,23,24]],"type":"Polygon","properties":{"id":"1000711-007","name":"大突里"}},{"arcs":[[-24,25,26,27]],"type":"Polygon","properties":{"id":"1000711-008","name":"北勢里"}},{"arcs":[[-22,28,29,30,31]],"type":"Polygon","properties":{"id":"1000711-009","name":"汴頭里"}},{"arcs":[[32,33,34,35,-30,36,-13,-7]],"type":"Polygon","properties":{"id":"1000711-010","name":"大竹里"}},{"arcs":[[-14,-37,-29,-21]],"type":"Polygon","properties":{"id":"1000711-011","name":"湖西里"}},{"arcs":[[-23,-32,37,38,-26]],"type":"Polygon","properties":{"id":"1000711-012","name":"田中里"}},{"arcs":[[-27,-39,39,40,41]],"type":"Polygon","properties":{"id":"1000711-013","name":"河東里"}},{"arcs":[[42,43,44,45]],"type":"Polygon","properties":{"id":"1000711-014","name":"中山里"}},{"arcs":[[46,-43,47]],"type":"Polygon","properties":{"id":"1000711-015","name":"中竹里"}},{"arcs":[[48,49,50,51,52,-44,-47,53]],"type":"Polygon","properties":{"id":"1000711-016","name":"東溪里"}},{"arcs":[[-52,54,-34,55]],"type":"Polygon","properties":{"id":"1000711-017","name":"西溪里"}},{"arcs":[[56,-45,-53,-56,-33,-6,-1,-17]],"type":"Polygon","properties":{"id":"1000711-018","name":"湖東里"}},{"arcs":[[57,58,59,-49]],"type":"Polygon","properties":{"id":"1000711-019","name":"頂庄里"}},{"arcs":[[-51,60,61,62,-35,-55]],"type":"Polygon","properties":{"id":"1000711-020","name":"忠覺里"}},{"arcs":[[63,64,65,-59]],"type":"Polygon","properties":{"id":"1000711-021","name":"湳底里"}},{"arcs":[[-60,-66,66,-61,-50]],"type":"Polygon","properties":{"id":"1000711-022","name":"大庭里"}},{"arcs":[[-65,67,68,-62,-67]],"type":"Polygon","properties":{"id":"1000711-023","name":"媽厝里"}},{"arcs":[[69,70,-41]],"type":"Polygon","properties":{"id":"1000711-024","name":"西勢里"}},{"arcs":[[-63,-69,71,-70,-40,-38,-31,-36]],"type":"Polygon","properties":{"id":"1000711-025","name":"番婆里"}}]}}}