{"type":"Topology","bbox":[121.74858279300008,24.66336466300004,121.80113384600008,24.706510625000078],"transform":{"scale":[0.000050001001902951434,0.000038592094812200015],"translate":[121.74858279300008,24.66336466300004]},"arcs":[[[521,443],[-3,-139]],[[518,304],[-63,19]],[[455,323],[14,57]],[[469,380],[1,59],[51,4]],[[688,382],[73,-85],[-95,-87]],[[666,210],[-62,36],[-26,-12],[-57,44]],[[521,278],[0,3]],[[521,281],[-3,23]],[[521,443],[31,6]],[[552,449],[84,25],[52,-92]],[[799,66],[-52,55],[-67,43],[-14,46]],[[688,382],[44,18],[277,-66],[3,-50],[39,-111],[-26,-157],[-83,0],[-32,-16],[-71,65],[-40,1]],[[799,66],[-94,-18],[-65,5],[-95,90]],[[545,143],[-24,135]],[[545,143],[-68,-21]],[[477,122],[-41,101]],[[436,223],[-1,16]],[[435,239],[86,42]],[[477,122],[-36,3],[-40,52]],[[401,177],[35,46]],[[320,247],[44,1]],[[364,248],[71,-9]],[[401,177],[-40,-35]],[[361,142],[-78,77]],[[283,219],[0,36]],[[283,255],[37,-8]],[[404,300],[-40,-52]],[[320,247],[24,38]],[[344,285],[60,15]],[[377,331],[-33,-46]],[[283,255],[-68,3]],[[215,258],[-2,46]],[[213,304],[36,65]],[[249,369],[128,-38]],[[361,142],[-12,-28],[-90,-20],[-135,-4],[1,67]],[[125,157],[158,62]],[[81,627],[1,-20],[115,-34]],[[197,573],[-11,-85],[-43,-40],[-5,-45]],[[138,403],[75,-99]],[[215,258],[-111,-46]],[[104,212],[-83,34],[-21,190],[32,86],[21,136]],[[53,658],[28,-31]],[[340,424],[63,-20]],[[403,404],[-19,-76]],[[384,328],[-7,3]],[[249,369],[-33,79]],[[216,448],[124,-24]],[[469,380],[-66,24]],[[340,424],[18,36]],[[358,460],[87,-13],[24,-67]],[[455,323],[-1,-5]],[[454,318],[-70,10]],[[358,460],[-21,34],[23,66]],[[360,560],[85,26]],[[445,586],[110,-23],[-3,-114]],[[360,560],[-163,13]],[[81,627],[154,78],[63,47]],[[298,752],[45,-44],[91,-15],[11,-107]],[[53,658],[-2,131],[58,0],[27,243],[45,86],[83,-143],[22,2],[37,-76],[-30,-81],[5,-68]],[[216,448],[-78,-45]],[[125,157],[-21,55]],[[435,239],[9,38]],[[444,277],[10,41]],[[444,277],[-40,23]]],"objects":{"map":{"type":"GeometryCollection","geometries":[{"arcs":[[0,1,2,3]],"type":"Polygon","properties":{"id":"1000202-004","name":"大新里"}},{"arcs":[[4,5,6,7,-1,8,9]],"type":"Polygon","properties":{"id":"1000202-005","name":"東安里"}},{"arcs":[[10,-5,11]],"type":"Polygon","properties":{"id":"1000202-006","name":"新群里"}},{"arcs":[[-11,12,13,-6]],"type":"Polygon","properties":{"id":"1000202-007","name":"羅莊里"}},{"arcs":[[14,15,16,17,-7,-14]],"type":"Polygon","properties":{"id":"1000202-008","name":"南昌里"}},{"arcs":[[-16,18,19]],"type":"Polygon","properties":{"id":"1000202-009","name":"南豪里"}},{"arcs":[[20,21,-17,-20,22,23,24,25]],"type":"Polygon","properties":{"id":"1000202-010","name":"成功里"}},{"arcs":[[26,-21,27,28]],"type":"Polygon","properties":{"id":"1000202-011","name":"仁德里"}},{"arcs":[[29,-28,-26,30,31,32,33]],"type":"Polygon","properties":{"id":"1000202-016","name":"漢民里"}},{"arcs":[[34,35,-24]],"type":"Polygon","properties":{"id":"1000202-017","name":"西安里"}},{"arcs":[[36,37,38,-32,39,40,41]],"type":"Polygon","properties":{"id":"1000202-018","name":"北成里"}},{"arcs":[[42,43,44,-34,45,46]],"type":"Polygon","properties":{"id":"1000202-019","name":"賢文里"}},{"arcs":[[47,-43,48,49]],"type":"Polygon","properties":{"id":"1000202-020","name":"公正里"}},{"arcs":[[50,51,-44,-48,-3]],"type":"Polygon","properties":{"id":"1000202-021","name":"集祥里"}},{"arcs":[[-9,-4,-50,52,53,54]],"type":"Polygon","properties":{"id":"1000202-022","name":"信義里"}},{"arcs":[[-54,55,-37,56,57]],"type":"Polygon","properties":{"id":"1000202-023","name":"竹林里"}},{"arcs":[[-57,-42,58]],"type":"Polygon","properties":{"id":"1000202-024","name":"仁愛里"}},{"arcs":[[-53,-49,-47,59,-38,-56]],"type":"Polygon","properties":{"id":"1000202-025","name":"樹林里"}},{"arcs":[[-33,-39,-60,-46]],"type":"Polygon","properties":{"id":"1000202-026","name":"國華里"}},{"arcs":[[-25,-36,60,-40,-31]],"type":"Polygon","properties":{"id":"1000202-027","name":"維揚里"}},{"arcs":[[-8,-18,61,62,-51,-2]],"type":"Polygon","properties":{"id":"1000202-028","name":"開明里"}},{"arcs":[[-63,63,-29,-30,-45,-52]],"type":"Polygon","properties":{"id":"1000202-029","name":"中山里"}},{"arcs":[[-62,-22,-27,-64]],"type":"Polygon","properties":{"id":"1000202-030","name":"仁和里"}}]}}}