{"type":"Topology","bbox":[121.746199585,25.11045444800004,121.79872485600004,25.14506987100009],"transform":{"scale":[0.00003997357001524802,0.00004980636402884596],"translate":[121.746199585,25.11045444800004]},"arcs":[[[639,461],[-11,48]],[[628,509],[122,-22]],[[750,487],[52,-33],[55,-93]],[[857,361],[-146,12]],[[711,373],[-37,78],[-35,10]],[[750,487],[29,182]],[[779,669],[83,26],[73,-71],[-3,-70],[31,-88],[43,-8]],[[1006,458],[-149,-97]],[[128,457],[-45,-27],[-8,-68]],[[75,362],[-75,19],[42,55],[86,21]],[[119,359],[-44,3]],[[128,457],[41,13]],[[169,470],[-42,-58],[-8,-53]],[[223,501],[-18,-78],[-44,-68]],[[161,355],[-42,4]],[[169,470],[54,31]],[[238,501],[12,-68],[-25,-77]],[[225,356],[-39,-3]],[[186,353],[-25,2]],[[223,501],[15,0]],[[283,503],[0,-52],[-34,-94]],[[249,357],[-24,-1]],[[238,501],[45,2]],[[319,503],[9,-95],[-15,-51]],[[313,357],[-64,0]],[[283,503],[36,0]],[[249,357],[-17,-50]],[[232,307],[-46,46]],[[313,357],[15,-86],[60,-72]],[[388,199],[162,-60]],[[550,139],[53,-20]],[[603,119],[-26,-39],[-60,-34],[-103,10],[-42,-33],[-65,5],[-28,-28],[-137,13],[-11,43],[25,66],[9,79],[67,106]],[[392,354],[22,-111]],[[414,243],[-26,-44]],[[313,357],[79,-3]],[[392,354],[57,-1]],[[449,353],[7,-2]],[[456,351],[35,-99],[-77,-9]],[[319,503],[40,-7]],[[359,496],[49,-105],[-16,-37]],[[506,520],[30,-6]],[[536,514],[47,-17],[-83,-76],[-2,-57],[-42,-13]],[[449,353],[-8,20],[65,147]],[[536,514],[78,16]],[[614,530],[14,-21]],[[639,461],[-38,-48],[-68,-32],[10,-59],[7,-183]],[[711,373],[-41,-180]],[[670,193],[-67,-74]],[[1000,154],[37,108],[-30,80],[16,109]],[[1023,451],[53,-6],[136,-127],[-5,-64],[107,-71],[-26,-106],[-69,-30],[-119,-3],[-100,110]],[[359,496],[52,47],[95,-23]],[[1006,458],[17,-7]],[[1000,154],[-85,-25],[-245,64]],[[614,530],[47,21],[70,102],[48,16]]],"objects":{"map":{"type":"GeometryCollection","geometries":[{"arcs":[[0,1,2,3,4]],"type":"Polygon","properties":{"id":"1001707-019","name":"孝德里"}},{"arcs":[[-3,5,6,7]],"type":"Polygon","properties":{"id":"1001707-020","name":"孝忠里"}},{"arcs":[[8,9]],"type":"Polygon","properties":{"id":"1001707-001","name":"仁壽里"}},{"arcs":[[10,-9,11,12]],"type":"Polygon","properties":{"id":"1001707-002","name":"仁義里"}},{"arcs":[[13,14,-13,15]],"type":"Polygon","properties":{"id":"1001707-003","name":"義昭里"}},{"arcs":[[16,17,18,-14,19]],"type":"Polygon","properties":{"id":"1001707-004","name":"義幸里"}},{"arcs":[[20,21,-17,22]],"type":"Polygon","properties":{"id":"1001707-005","name":"義民里"}},{"arcs":[[23,24,-21,25]],"type":"Polygon","properties":{"id":"1001707-006","name":"義和里"}},{"arcs":[[-22,26,27,-18]],"type":"Polygon","properties":{"id":"1001707-007","name":"智慧里"}},{"arcs":[[28,29,30,31,-27,-25]],"type":"Polygon","properties":{"id":"1001707-008","name":"智誠里"}},{"arcs":[[32,33,-29,34]],"type":"Polygon","properties":{"id":"1001707-009","name":"禮儀里"}},{"arcs":[[35,36,37,-33]],"type":"Polygon","properties":{"id":"1001707-010","name":"禮東里"}},{"arcs":[[38,39,-35,-24]],"type":"Polygon","properties":{"id":"1001707-011","name":"信綠里"}},{"arcs":[[40,41,-37,42]],"type":"Polygon","properties":{"id":"1001707-012","name":"東光里"}},{"arcs":[[-30,-34,-38,-42,43,44,-1,45]],"type":"Polygon","properties":{"id":"1001707-013","name":"東明里"}},{"arcs":[[46,47,-31,-46,-5]],"type":"Polygon","properties":{"id":"1001707-014","name":"東安里"}},{"arcs":[[48,49]],"type":"Polygon","properties":{"id":"1001707-015","name":"孝岡里"}},{"arcs":[[-43,-36,-40,50]],"type":"Polygon","properties":{"id":"1001707-016","name":"東信里"}},{"arcs":[[51,-49,52,-47,-4,-8]],"type":"Polygon","properties":{"id":"1001707-017","name":"孝深里"}},{"arcs":[[-6,-2,-45,53]],"type":"Polygon","properties":{"id":"1001707-018","name":"孝賢里"}}]}}}