{"type":"Topology","bbox":[121.50412601300002,25.008626856000035,121.53580303900003,25.049409772000047],"transform":{"scale":[0.00004865902611368849,0.00004385259784947521],"translate":[121.50412601300002,25.00862685600003]},"arcs":[[[475,48],[103,100]],[[578,148],[23,12]],[[601,160],[49,-52],[1,-57],[-79,-51],[-97,48]],[[475,48],[-58,66]],[[417,114],[88,91]],[[505,205],[73,-57]],[[505,205],[12,48]],[[517,253],[84,-93]],[[417,114],[-79,114]],[[338,228],[39,40],[62,14]],[[439,282],[46,2]],[[485,284],[32,-31]],[[338,228],[-20,17]],[[318,245],[38,99]],[[356,344],[6,9]],[[362,353],[77,-71]],[[362,353],[33,39]],[[395,392],[90,-108]],[[318,245],[-69,36]],[[249,281],[12,65]],[[261,346],[95,-2]],[[362,353],[-55,22],[-2,32]],[[305,407],[71,14]],[[376,421],[19,-29]],[[261,346],[-17,80]],[[244,426],[61,-19]],[[249,281],[-69,17],[-12,55]],[[168,353],[48,82]],[[216,435],[28,-9]],[[168,353],[-44,13]],[[124,366],[16,55]],[[140,421],[23,45]],[[163,466],[53,-31]],[[124,366],[-63,48]],[[61,414],[31,50]],[[92,464],[48,-43]],[[104,500],[59,-34]],[[92,464],[-28,39]],[[64,503],[40,-3]],[[61,414],[-61,74]],[[0,488],[64,15]],[[59,534],[45,-34]],[[0,488],[24,78]],[[24,566],[35,-32]],[[81,643],[-22,-109]],[[24,566],[32,88]],[[56,654],[25,-11]],[[172,607],[39,-76]],[[211,531],[-107,-31]],[[81,643],[91,-36]],[[229,483],[15,-57]],[[211,531],[18,-48]],[[358,447],[18,-26]],[[229,483],[78,42]],[[307,525],[51,-78]],[[258,600],[3,-4]],[[261,596],[46,-71]],[[172,607],[86,-7]],[[379,540],[-21,-93]],[[261,596],[118,-56]],[[279,695],[-21,-95]],[[56,654],[30,110]],[[86,764],[101,4]],[[187,768],[-5,-53],[97,-20]],[[189,930],[-2,-162]],[[86,764],[28,119],[75,47]],[[342,900],[-23,-55]],[[319,845],[-15,-54]],[[304,791],[-25,-96]],[[189,930],[153,-30]],[[590,769],[-61,18]],[[529,787],[-210,58]],[[342,900],[91,-10],[158,-49],[-1,-72]],[[529,787],[-13,-52]],[[516,735],[-63,17]],[[453,752],[-149,39]],[[590,769],[-1,-95]],[[589,674],[-70,1]],[[519,675],[-3,60]],[[453,752],[-22,-85]],[[431,667],[-16,-55]],[[415,612],[-36,-72]],[[519,675],[-9,-28]],[[510,647],[-79,20]],[[510,647],[-26,-68]],[[484,579],[-69,33]],[[589,674],[-2,-104],[-103,9]]],"objects":{"map":{"type":"GeometryCollection","geometries":[{"arcs":[[0,1,2]],"type":"Polygon","properties":{"id":"6300500-001","name":"水源里"}},{"arcs":[[-1,3,4,5]],"type":"Polygon","properties":{"id":"6300500-002","name":"富水里"}},{"arcs":[[-2,-6,6,7]],"type":"Polygon","properties":{"id":"6300500-003","name":"文盛里"}},{"arcs":[[-7,-5,8,9,10,11]],"type":"Polygon","properties":{"id":"6300500-004","name":"林興里"}},{"arcs":[[-10,12,13,14,15]],"type":"Polygon","properties":{"id":"6300500-005","name":"河堤里"}},{"arcs":[[-11,-16,16,17]],"type":"Polygon","properties":{"id":"6300500-006","name":"頂東里"}},{"arcs":[[-14,18,19,20]],"type":"Polygon","properties":{"id":"6300500-007","name":"網溪里"}},{"arcs":[[-17,21,22,23]],"type":"Polygon","properties":{"id":"6300500-008","name":"板溪里"}},{"arcs":[[-22,-15,-21,24,25]],"type":"Polygon","properties":{"id":"6300500-009","name":"螢圃里"}},{"arcs":[[-25,-20,26,27,28]],"type":"Polygon","properties":{"id":"6300500-010","name":"螢雪里"}},{"arcs":[[-28,29,30,31,32]],"type":"Polygon","properties":{"id":"6300500-011","name":"永功里"}},{"arcs":[[-31,33,34,35]],"type":"Polygon","properties":{"id":"6300500-012","name":"永昌里"}},{"arcs":[[36,-32,-36,37,38]],"type":"Polygon","properties":{"id":"6300500-013","name":"龍興里"}},{"arcs":[[-35,39,40,-38]],"type":"Polygon","properties":{"id":"6300500-014","name":"忠勤里"}},{"arcs":[[41,-39,-41,42,43]],"type":"Polygon","properties":{"id":"6300500-015","name":"廈安里"}},{"arcs":[[44,-44,45,46]],"type":"Polygon","properties":{"id":"6300500-016","name":"愛國里"}},{"arcs":[[47,48,-42,-45,49]],"type":"Polygon","properties":{"id":"6300500-017","name":"南門里"}},{"arcs":[[50,-29,-33,-37,-49,51]],"type":"Polygon","properties":{"id":"6300500-018","name":"龍光里"}},{"arcs":[[52,-23,-26,-51,53,54]],"type":"Polygon","properties":{"id":"6300500-019","name":"南福里"}},{"arcs":[[55,56,-54,-52,-48,57]],"type":"Polygon","properties":{"id":"6300500-020","name":"龍福里"}},{"arcs":[[58,-55,-57,59]],"type":"Polygon","properties":{"id":"6300500-021","name":"新營里"}},{"arcs":[[60,-58,-50,-47,61,62,63]],"type":"Polygon","properties":{"id":"6300500-022","name":"建國里"}},{"arcs":[[64,-63,65]],"type":"Polygon","properties":{"id":"6300500-023","name":"光復里"}},{"arcs":[[66,67,68,-64,-65,69]],"type":"Polygon","properties":{"id":"6300500-024","name":"黎明里"}},{"arcs":[[70,71,-67,72]],"type":"Polygon","properties":{"id":"6300500-025","name":"梅花里"}},{"arcs":[[73,74,75,-68,-72]],"type":"Polygon","properties":{"id":"6300500-026","name":"幸福里"}},{"arcs":[[76,77,78,-74,-71]],"type":"Polygon","properties":{"id":"6300500-027","name":"幸市里"}},{"arcs":[[79,80,81,-60,-56,-61,-69,-76]],"type":"Polygon","properties":{"id":"6300500-028","name":"東門里"}},{"arcs":[[-79,82,83,-80,-75]],"type":"Polygon","properties":{"id":"6300500-029","name":"文北里"}},{"arcs":[[84,85,-81,-84]],"type":"Polygon","properties":{"id":"6300500-030","name":"文祥里"}},{"arcs":[[86,-85,-83,-78]],"type":"Polygon","properties":{"id":"6300500-031","name":"三愛里"}}]}}}