{"type":"Topology","bbox":[121.50468101500007,25.04798682200004,121.52233269300007,25.08025339200009],"transform":{"scale":[0.0000406720691244076,0.000034807518878152176],"translate":[121.50468101500007,25.04798682200004]},"arcs":[[[177,118],[3,-63]],[[180,55],[-42,-55],[-133,49],[37,125]],[[42,174],[96,-21],[39,-35]],[[266,94],[116,-31]],[[382,63],[-31,-51],[-138,31]],[[213,43],[53,51]],[[281,163],[-15,-69]],[[213,43],[-33,12]],[[177,118],[61,56]],[[238,174],[43,-11]],[[320,151],[65,-17]],[[385,134],[-3,-71]],[[281,163],[39,-12]],[[42,174],[5,80]],[[47,254],[123,4]],[[170,258],[7,-140]],[[170,258],[54,1]],[[224,259],[14,-85]],[[224,259],[108,11]],[[332,270],[-12,-119]],[[332,270],[61,8]],[[393,278],[-8,-144]],[[47,254],[-10,103]],[[37,357],[128,7]],[[165,364],[5,-106]],[[220,324],[4,-65]],[[165,364],[53,4]],[[218,368],[2,-44]],[[220,324],[168,31]],[[388,355],[5,-77]],[[161,431],[59,1]],[[220,432],[-2,-64]],[[37,357],[12,97]],[[49,454],[112,-23]],[[247,430],[115,-2]],[[362,428],[26,-73]],[[220,432],[27,-2]],[[49,454],[6,56]],[[55,510],[84,5]],[[139,515],[22,-84]],[[139,515],[18,1]],[[157,516],[65,1]],[[222,517],[39,-45],[-14,-42]],[[222,517],[57,-2]],[[279,515],[86,5]],[[365,520],[-3,-92]],[[153,595],[4,-79]],[[55,510],[4,87]],[[59,597],[94,-2]],[[224,648],[-1,-54]],[[223,594],[-1,-77]],[[153,595],[71,53]],[[275,593],[4,-78]],[[223,594],[52,-1]],[[375,590],[-10,-70]],[[275,593],[100,-3]],[[224,692],[0,-44]],[[59,597],[-5,101]],[[54,698],[170,-6]],[[387,687],[-12,-97]],[[224,692],[163,-5]],[[224,903],[1,-139]],[[225,764],[-1,-72]],[[54,698],[-54,161],[113,8],[111,36]],[[394,737],[-83,29],[-86,-2]],[[224,903],[60,24],[150,-89],[-40,-101]],[[394,737],[-7,-50]]],"objects":{"map":{"type":"GeometryCollection","geometries":[{"arcs":[[0,1,2]],"type":"Polygon","properties":{"id":"6300600-001","name":"玉泉里"}},{"arcs":[[3,4,5]],"type":"Polygon","properties":{"id":"6300600-002","name":"建明里"}},{"arcs":[[6,-6,7,-1,8,9]],"type":"Polygon","properties":{"id":"6300600-003","name":"建功里"}},{"arcs":[[10,11,-4,-7,12]],"type":"Polygon","properties":{"id":"6300600-004","name":"建泰里"}},{"arcs":[[-3,13,14,15]],"type":"Polygon","properties":{"id":"6300600-005","name":"永樂里"}},{"arcs":[[-9,-16,16,17]],"type":"Polygon","properties":{"id":"6300600-006","name":"朝陽里"}},{"arcs":[[-13,-10,-18,18,19]],"type":"Polygon","properties":{"id":"6300600-007","name":"星明里"}},{"arcs":[[-11,-20,20,21]],"type":"Polygon","properties":{"id":"6300600-008","name":"光能里"}},{"arcs":[[-15,22,23,24]],"type":"Polygon","properties":{"id":"6300600-009","name":"大有里"}},{"arcs":[[25,-17,-25,26,27]],"type":"Polygon","properties":{"id":"6300600-010","name":"延平里"}},{"arcs":[[-21,-19,-26,28,29]],"type":"Polygon","properties":{"id":"6300600-011","name":"雙連里"}},{"arcs":[[30,31,-27,-24,32,33]],"type":"Polygon","properties":{"id":"6300600-012","name":"南芳里"}},{"arcs":[[34,35,-29,-28,-32,36]],"type":"Polygon","properties":{"id":"6300600-013","name":"民權里"}},{"arcs":[[-34,37,38,39]],"type":"Polygon","properties":{"id":"6300600-014","name":"景星里"}},{"arcs":[[-37,-31,-40,40,41,42]],"type":"Polygon","properties":{"id":"6300600-015","name":"隆和里"}},{"arcs":[[-35,-43,43,44,45]],"type":"Polygon","properties":{"id":"6300600-016","name":"蓬萊里"}},{"arcs":[[46,-41,-39,47,48]],"type":"Polygon","properties":{"id":"6300600-017","name":"國順里"}},{"arcs":[[49,50,-42,-47,51]],"type":"Polygon","properties":{"id":"6300600-018","name":"國慶里"}},{"arcs":[[52,-44,-51,53]],"type":"Polygon","properties":{"id":"6300600-019","name":"揚雅里"}},{"arcs":[[54,-45,-53,55]],"type":"Polygon","properties":{"id":"6300600-020","name":"斯文里"}},{"arcs":[[56,-52,-49,57,58]],"type":"Polygon","properties":{"id":"6300600-021","name":"鄰江里"}},{"arcs":[[59,-56,-54,-50,-57,60]],"type":"Polygon","properties":{"id":"6300600-022","name":"至聖里"}},{"arcs":[[61,62,-59,63]],"type":"Polygon","properties":{"id":"6300600-024","name":"老師里"}},{"arcs":[[64,-62,65]],"type":"Polygon","properties":{"id":"6300600-025","name":"重慶里"}},{"arcs":[[66,-61,-63,-65]],"type":"Polygon","properties":{"id":"6300600-026","name":"保安里"}}]}}}