{"type":"Topology","bbox":[120.68240914300009,24.12213756500006,120.71206833200006,24.152489186000082],"transform":{"scale":[0.00003887180733941255,0.00003993634342108228],"translate":[120.68240914300007,24.122137565000063]},"arcs":[[[187,413],[-15,-40],[33,-43]],[[205,330],[-169,-68]],[[36,262],[-36,73],[87,51]],[[87,386],[100,27]],[[205,330],[38,-74]],[[243,256],[-42,-18]],[[201,238],[-133,-54]],[[68,184],[-32,78]],[[243,256],[34,13]],[[277,269],[29,1]],[[306,270],[12,-89],[-44,-73],[-72,-41]],[[202,67],[-1,171]],[[202,67],[0,-8]],[[202,59],[-36,5],[-111,-64],[-26,58],[39,126]],[[115,525],[19,-3]],[[134,522],[40,-2]],[[174,520],[84,4]],[[258,524],[1,26]],[[259,550],[49,1]],[[308,551],[2,-87]],[[310,464],[-10,-5]],[[300,459],[-10,-5]],[[290,454],[-103,-41]],[[87,386],[-1,141]],[[86,527],[29,-2]],[[359,453],[5,-104],[-33,-52],[-54,-28]],[[290,454],[10,5]],[[310,464],[49,-11]],[[308,551],[0,14]],[[308,565],[153,-1]],[[461,564],[13,-113]],[[474,451],[-115,2]],[[474,451],[-1,-32]],[[473,419],[-34,-156]],[[439,263],[-133,7]],[[439,263],[11,-73],[61,-118]],[[511,72],[-231,0],[-78,-13]],[[590,389],[-117,30]],[[461,564],[7,31]],[[468,595],[60,13],[87,59]],[[615,667],[-9,-209],[-16,-69]],[[308,565],[0,129]],[[308,694],[133,-6]],[[441,688],[27,-93]],[[259,550],[-50,66]],[[209,616],[-8,34],[38,96]],[[239,746],[69,-8],[0,-44]],[[239,746],[71,14],[151,-38],[-20,-34]],[[174,520],[84,4]],[[134,522],[-19,3]],[[86,527],[19,65],[104,24]],[[590,389],[98,-58]],[[688,331],[-32,-81],[-65,-99],[-32,-83],[-48,4]],[[615,667],[95,29],[52,-67],[1,-68],[-31,-57],[-12,-119],[-32,-54]]],"objects":{"map":{"type":"GeometryCollection","geometries":[{"arcs":[[0,1,2,3]],"type":"Polygon","properties":{"id":"6600200-001","name":"新庄里"}},{"arcs":[[4,5,6,7,-2]],"type":"Polygon","properties":{"id":"6600200-002","name":"振興里"}},{"arcs":[[-6,8,9,10,11]],"type":"Polygon","properties":{"id":"6600200-003","name":"東橋里"}},{"arcs":[[-12,12,13,-7]],"type":"Polygon","properties":{"id":"6600200-004","name":"東興里"}},{"arcs":[[14,15,16,17,18,19,20,21,22,-4,23,24]],"type":"Polygon","properties":{"id":"6600200-005","name":"干城里"}},{"arcs":[[25,-9,-5,-1,-23,26,-21,27]],"type":"Polygon","properties":{"id":"6600200-006","name":"泉源里"}},{"arcs":[[28,29,30,31,-28,-20]],"type":"Polygon","properties":{"id":"6600200-007","name":"旱溪里"}},{"arcs":[[32,33,34,-10,-26,-32]],"type":"Polygon","properties":{"id":"6600200-008","name":"樂成里"}},{"arcs":[[-35,35,36,-13,-11]],"type":"Polygon","properties":{"id":"6600200-009","name":"東門里"}},{"arcs":[[37,-33,-31,38,39,40]],"type":"Polygon","properties":{"id":"6600200-010","name":"十甲里"}},{"arcs":[[41,42,43,-39,-30]],"type":"Polygon","properties":{"id":"6600200-011","name":"東南里"}},{"arcs":[[-42,-29,-19,44,45,46]],"type":"Polygon","properties":{"id":"6600200-012","name":"東勢里"}},{"arcs":[[47,-43,-47]],"type":"Polygon","properties":{"id":"6600200-013","name":"合作里"}},{"arcs":[[48,-17]],"type":"Polygon","properties":{"id":"6600200-014","name":"富台里"}},{"arcs":[[-18,-49,-16,49,-25,50,-45]],"type":"Polygon","properties":{"id":"6600200-015","name":"富仁里"}},{"arcs":[[-34,-38,51,52,-36]],"type":"Polygon","properties":{"id":"6600200-016","name":"東信里"}},{"arcs":[[-52,-41,53]],"type":"Polygon","properties":{"id":"6600200-017","name":"東英里"}}]}}}