{"type":"Topology","bbox":[120.28593733000002,22.61800959800007,120.30215305200011,22.635674435000055],"transform":{"scale":[0.000036853913636553614,0.000031376264653612596],"translate":[120.28593733000004,22.61800959800007]},"arcs":[[[290,493],[-23,70]],[[267,563],[57,-57]],[[324,506],[-34,-13]],[[254,408],[-20,63]],[[234,471],[56,22]],[[324,506],[21,-63]],[[345,443],[-91,-35]],[[234,471],[-24,69]],[[210,540],[57,23]],[[182,451],[-23,69]],[[159,520],[51,20]],[[234,471],[-52,-20]],[[218,342],[-29,87]],[[189,429],[-7,22]],[[254,408],[15,-46]],[[269,362],[-51,-20]],[[25,365],[-25,72],[159,83]],[[189,429],[-164,-64]],[[62,279],[-37,86]],[[218,342],[-156,-63]],[[345,443],[15,-46]],[[360,397],[-91,-35]],[[287,302],[-18,60]],[[360,397],[20,-59],[-65,-25]],[[315,313],[-28,-11]],[[238,282],[-20,60]],[[287,302],[-49,-20]],[[255,230],[-17,52]],[[315,313],[17,-54]],[[332,259],[-77,-29]],[[87,224],[-25,55]],[[238,282],[-151,-58]],[[102,171],[-15,53]],[[255,230],[-48,-19]],[[207,211],[-105,-40]],[[293,116],[-46,-17]],[[247,99],[-23,65]],[[224,164],[-17,47]],[[255,230],[38,-114]],[[112,120],[-10,51]],[[224,164],[-112,-44]],[[247,99],[-132,-16],[-3,37]],[[332,259],[90,35],[-14,-132]],[[408,162],[-66,-27]],[[342,135],[-49,-19]],[[293,116],[32,-98]],[[325,18],[-46,-18],[-32,99]],[[342,135],[32,-97]],[[374,38],[-49,-20]],[[408,162],[32,-98],[-66,-26]]],"objects":{"map":{"type":"GeometryCollection","geometries":[{"arcs":[[0,1,2]],"type":"Polygon","properties":{"id":"6400700-001","name":"三川里"}},{"arcs":[[3,4,-3,5,6]],"type":"Polygon","properties":{"id":"6400700-002","name":"草江里"}},{"arcs":[[7,8,-1,-5]],"type":"Polygon","properties":{"id":"6400700-003","name":"長城里"}},{"arcs":[[9,10,-8,11]],"type":"Polygon","properties":{"id":"6400700-004","name":"北金里"}},{"arcs":[[12,13,-12,-4,14,15]],"type":"Polygon","properties":{"id":"6400700-005","name":"東金里"}},{"arcs":[[16,-10,-14,17]],"type":"Polygon","properties":{"id":"6400700-006","name":"新生里"}},{"arcs":[[18,-18,-13,19]],"type":"Polygon","properties":{"id":"6400700-007","name":"後金里"}},{"arcs":[[-15,-7,20,21]],"type":"Polygon","properties":{"id":"6400700-008","name":"長興里"}},{"arcs":[[22,-22,23,24]],"type":"Polygon","properties":{"id":"6400700-009","name":"青山里"}},{"arcs":[[25,-16,-23,26]],"type":"Polygon","properties":{"id":"6400700-010","name":"民生里"}},{"arcs":[[27,-27,-25,28,29]],"type":"Polygon","properties":{"id":"6400700-011","name":"復元里"}},{"arcs":[[30,-20,-26,31]],"type":"Polygon","properties":{"id":"6400700-012","name":"林投里"}},{"arcs":[[32,-32,-28,33,34]],"type":"Polygon","properties":{"id":"6400700-013","name":"國民里"}},{"arcs":[[35,36,37,-34,38]],"type":"Polygon","properties":{"id":"6400700-014","name":"社東里"}},{"arcs":[[39,-35,-38,40]],"type":"Polygon","properties":{"id":"6400700-015","name":"社西里"}},{"arcs":[[-41,-37,41]],"type":"Polygon","properties":{"id":"6400700-016","name":"博孝里"}},{"arcs":[[-39,-30,42,43,44]],"type":"Polygon","properties":{"id":"6400700-017","name":"長生里"}},{"arcs":[[-36,45,46]],"type":"Polygon","properties":{"id":"6400700-018","name":"榮復里"}},{"arcs":[[-46,-45,47,48]],"type":"Polygon","properties":{"id":"6400700-019","name":"文西里"}},{"arcs":[[-48,-44,49]],"type":"Polygon","properties":{"id":"6400700-020","name":"文東里"}}]}}}