{"type":"Topology","bbox":[121.677248255,25.11181956900009,121.73499198500008,25.17686236500009],"transform":{"scale":[0.00004142304878054793,0.0000419630941935485],"translate":[121.67724825500001,25.111819569000087]},"arcs":[[[1236,661],[97,-76]],[[1333,585],[-33,-4]],[[1300,581],[-102,-3]],[[1198,578],[-59,38]],[[1139,616],[42,40],[55,5]],[[1333,585],[57,-72]],[[1390,513],[-57,-7]],[[1333,506],[-32,49]],[[1301,555],[-1,26]],[[1139,616],[-131,85]],[[1008,701],[170,10],[58,-50]],[[1390,513],[4,-38]],[[1394,475],[-43,11]],[[1351,486],[-18,20]],[[1351,486],[-69,8]],[[1282,494],[19,61]],[[1282,494],[-8,-7]],[[1274,487],[-61,3],[-30,-47]],[[1183,443],[-12,12]],[[1171,455],[-7,35],[34,88]],[[1364,464],[-9,-20]],[[1355,444],[-46,-11],[-85,-55]],[[1224,378],[-41,65]],[[1274,487],[90,-23]],[[1355,444],[32,-44]],[[1387,400],[-65,-85]],[[1322,315],[-53,9]],[[1269,324],[-49,50]],[[1220,374],[4,4]],[[1394,475],[-2,-14]],[[1392,461],[-28,3]],[[1392,461],[-5,-61]],[[921,712],[-39,-119],[29,-110]],[[911,483],[-7,-95]],[[904,388],[-26,-11]],[[878,377],[-65,-24]],[[813,353],[-27,-42],[15,-39]],[[801,272],[-47,-29],[-116,-26],[-25,53],[-12,103],[-38,44],[-8,106]],[[555,523],[111,42],[-8,22]],[[658,587],[119,52],[16,55],[64,-8],[64,26]],[[140,1140],[95,-29],[78,-101],[118,-99],[34,-44],[50,8],[35,-52],[43,17]],[[593,840],[52,-68],[29,-67]],[[674,705],[-16,-118]],[[555,523],[-147,64],[-12,43],[-107,32],[-53,65],[-138,86],[22,81],[-61,56],[-3,67],[-56,15],[38,62],[102,46]],[[700,1181],[-54,-51],[-45,-94],[-32,-117],[24,-79]],[[140,1140],[113,54],[25,43],[67,27],[40,41],[141,18],[50,50],[76,177],[24,-26],[80,-10],[5,-87],[-37,-161],[62,-35],[-86,-50]],[[700,1181],[60,-58]],[[760,1123],[-33,-100],[18,-45],[8,-121],[31,-78],[0,-62],[-110,-12]],[[1033,402],[-8,-53],[41,-84]],[[1066,265],[-54,-9]],[[1012,256],[-64,61]],[[948,317],[40,36],[-6,40]],[[982,393],[51,9]],[[1033,402],[-12,36]],[[1021,438],[10,13],[140,4]],[[1220,374],[-119,-94]],[[1101,280],[-35,-15]],[[878,377],[41,-39]],[[919,338],[-37,-24],[-69,39]],[[948,317],[-29,21]],[[904,388],[78,5]],[[1269,324],[-142,-97],[-26,53]],[[1322,315],[-4,-80],[62,-19],[10,-60],[-56,-112],[-55,-18],[-97,79]],[[1182,105],[-16,36],[-83,64],[-17,60]],[[760,1123],[50,-15],[10,-93],[36,-89],[55,-61],[46,-118]],[[957,747],[-36,-35]],[[911,483],[110,-45]],[[957,747],[51,-46]],[[1182,105],[-40,-97],[-60,-8],[-9,41],[-81,60],[-46,56]],[[946,157],[11,40],[55,59]],[[946,157],[-71,37],[-74,78]]],"objects":{"map":{"type":"GeometryCollection","geometries":[{"arcs":[[0,1,2,3,4]],"type":"Polygon","properties":{"id":"1001706-001","name":"西川里"}},{"arcs":[[5,6,7,8,-2]],"type":"Polygon","properties":{"id":"1001706-002","name":"定國里"}},{"arcs":[[-5,9,10]],"type":"Polygon","properties":{"id":"1001706-003","name":"新西里"}},{"arcs":[[11,12,13,-7]],"type":"Polygon","properties":{"id":"1001706-004","name":"定邦里"}},{"arcs":[[-8,-14,14,15]],"type":"Polygon","properties":{"id":"1001706-005","name":"慈仁里"}},{"arcs":[[-16,16,17,18,19,-3,-9]],"type":"Polygon","properties":{"id":"1001706-006","name":"干城里"}},{"arcs":[[20,21,22,-18,23]],"type":"Polygon","properties":{"id":"1001706-007","name":"永康里"}},{"arcs":[[24,25,26,27,28,-22]],"type":"Polygon","properties":{"id":"1001706-008","name":"嘉仁里"}},{"arcs":[[-13,29,30,-24,-17,-15]],"type":"Polygon","properties":{"id":"1001706-009","name":"安和里"}},{"arcs":[[-31,31,-25,-21]],"type":"Polygon","properties":{"id":"1001706-010","name":"樂一里"}},{"arcs":[[32,33,34,35,36,37,38,39]],"type":"Polygon","properties":{"id":"1001706-011","name":"外寮里"}},{"arcs":[[40,41,42,-39,43]],"type":"Polygon","properties":{"id":"1001706-012","name":"中崙里"}},{"arcs":[[44,-41,45]],"type":"Polygon","properties":{"id":"1001706-013","name":"內寮里"}},{"arcs":[[46,47,-42,-45]],"type":"Polygon","properties":{"id":"1001706-014","name":"新崙里"}},{"arcs":[[48,49,50,51,52]],"type":"Polygon","properties":{"id":"1001706-015","name":"三民里"}},{"arcs":[[53,54,-19,-23,-29,55,56,-49]],"type":"Polygon","properties":{"id":"1001706-016","name":"四維里"}},{"arcs":[[57,58,-36]],"type":"Polygon","properties":{"id":"1001706-017","name":"五福里"}},{"arcs":[[-52,59,-58,-35,60]],"type":"Polygon","properties":{"id":"1001706-018","name":"六合里"}},{"arcs":[[-56,-28,61]],"type":"Polygon","properties":{"id":"1001706-019","name":"七賢里"}},{"arcs":[[-62,-27,62,63,-57]],"type":"Polygon","properties":{"id":"1001706-020","name":"鶯歌里"}},{"arcs":[[64,65,-40,-43,-48]],"type":"Polygon","properties":{"id":"1001706-021","name":"武崙里"}},{"arcs":[[-34,66,-54,-53,-61]],"type":"Polygon","properties":{"id":"1001706-022","name":"長樂里"}},{"arcs":[[67,-10,-4,-20,-55,-67,-33,-66]],"type":"Polygon","properties":{"id":"1001706-023","name":"興寮里"}},{"arcs":[[-50,-64,68,69]],"type":"Polygon","properties":{"id":"1001706-024","name":"鶯安里"}},{"arcs":[[-37,-59,-60,-51,-70,70]],"type":"Polygon","properties":{"id":"1001706-025","name":"壯觀里"}}]}}}