{"type":"Topology","bbox":[120.26239709700008,23.54397547800005,120.33706325900005,23.634254960000078],"transform":{"scale":[0.00005058683062328681,0.00004296976772966592],"translate":[120.26239709700008,23.54397547800005]},"arcs":[[[825,496],[4,23]],[[829,519],[30,-6]],[[859,513],[66,-20]],[[925,493],[-52,-53],[-55,11]],[[818,451],[7,45]],[[937,556],[-12,-63]],[[859,513],[-25,40]],[[834,553],[3,16]],[[837,569],[100,-13]],[[829,519],[3,20]],[[832,539],[2,14]],[[714,507],[2,32]],[[716,539],[67,-12]],[[783,527],[24,-4]],[[807,523],[18,-27]],[[818,451],[-45,10]],[[773,461],[-59,46]],[[812,544],[20,-5]],[[807,523],[5,21]],[[791,570],[21,-26]],[[783,527],[8,43]],[[820,581],[17,-12]],[[791,570],[8,20]],[[799,590],[21,-9]],[[752,582],[28,17]],[[780,599],[19,-9]],[[716,539],[36,43]],[[867,603],[37,-4],[33,-43]],[[820,581],[12,37]],[[832,618],[35,-15]],[[799,590],[14,36]],[[813,626],[19,-8]],[[862,634],[5,-31]],[[813,626],[49,8]],[[780,599],[-5,46]],[[775,645],[40,63]],[[815,708],[47,61],[60,9]],[[922,778],[6,-60]],[[928,718],[-35,-3],[-31,-81]],[[762,651],[13,-6]],[[752,582],[10,69]],[[615,705],[16,36]],[[631,741],[58,42],[74,25],[25,-78],[27,-22]],[[762,651],[-147,54]],[[714,507],[-188,26],[2,93]],[[528,626],[80,41],[7,38]],[[631,741],[-74,33],[-13,56]],[[544,830],[58,64],[33,71],[69,195]],[[704,1160],[30,-35],[102,6],[43,45]],[[879,1176],[73,-96],[59,31],[35,-32]],[[1046,1079],[-69,-61],[-49,-73]],[[928,945],[-6,-167]],[[544,830],[-16,28],[-94,74],[-13,27],[41,123]],[[462,1082],[47,125],[54,-32],[8,137]],[[571,1312],[72,-17]],[[643,1295],[19,-98],[42,-37]],[[1186,1072],[-140,7]],[[879,1176],[69,80],[197,10],[7,52],[-27,21],[10,85]],[[1135,1424],[15,-10],[168,-8],[51,35],[107,-38],[-27,-81],[1,-76],[-44,-30],[0,-163]],[[1406,1053],[-220,19]],[[769,1596],[118,-41],[110,-7],[-2,-75],[142,-7],[-2,-42]],[[643,1295],[11,86],[-11,82],[71,15],[8,61],[47,57]],[[579,2029],[126,-25],[12,-58],[-46,-157],[107,-5],[-3,-90],[65,-35],[-71,-63]],[[571,1312],[7,120],[-27,36],[-86,14]],[[465,1482],[10,56],[-4,98],[74,137],[-19,6],[24,131],[29,-6],[14,67],[-14,58]],[[1406,1053],[-8,-233],[-30,-41],[-91,-76],[-130,-42],[-169,60],[-50,-3]],[[928,945],[96,-47],[71,-5],[70,59],[21,120]],[[465,1482],[-153,24]],[[312,1506],[-20,27],[-22,140],[-61,128],[-158,30]],[[51,1831],[34,182],[47,-26],[75,8],[5,106],[149,-9],[222,-35],[-4,-28]],[[312,1506],[-134,21]],[[178,1527],[-90,14],[-5,29],[-61,105],[29,156]],[[462,1082],[-64,-7],[-274,0],[0,18]],[[124,1093],[38,21],[-51,118],[13,110],[40,61],[14,124]],[[528,626],[-68,2],[-92,40],[-76,-57]],[[292,611],[-95,31],[17,30],[-48,71],[-93,23],[-22,68],[-51,1],[3,127],[50,3],[42,27],[10,91],[19,10]],[[244,249],[-58,2],[16,211],[60,-25],[9,121],[21,53]],[[773,461],[-76,17],[-99,-13],[-67,-65],[-3,-86],[16,-70]],[[544,244],[-116,12],[-66,-19],[-118,12]],[[544,244],[20,-77],[-84,-77],[-81,-42],[-47,-4],[-63,-42],[-47,-2],[17,75],[-78,8],[26,36],[37,130]]],"objects":{"map":{"type":"GeometryCollection","geometries":[{"arcs":[[0,1,2,3,4]],"type":"Polygon","properties":{"id":"1000906-001","name":"東陽里"}},{"arcs":[[5,-3,6,7,8]],"type":"Polygon","properties":{"id":"1000906-002","name":"光民里"}},{"arcs":[[-2,9,10,-7]],"type":"Polygon","properties":{"id":"1000906-003","name":"東華里"}},{"arcs":[[11,12,13,14,-5,15,16]],"type":"Polygon","properties":{"id":"1000906-004","name":"南安里"}},{"arcs":[[17,-10,-1,-15,18]],"type":"Polygon","properties":{"id":"1000906-005","name":"中和里"}},{"arcs":[[19,-19,-14,20]],"type":"Polygon","properties":{"id":"1000906-006","name":"義民里"}},{"arcs":[[21,-8,-11,-18,-20,22,23]],"type":"Polygon","properties":{"id":"1000906-007","name":"共榮里"}},{"arcs":[[24,25,-23,-21,-13,26]],"type":"Polygon","properties":{"id":"1000906-008","name":"西勢里"}},{"arcs":[[27,-9,-22,28,29]],"type":"Polygon","properties":{"id":"1000906-009","name":"仁和里"}},{"arcs":[[-29,-24,30,31]],"type":"Polygon","properties":{"id":"1000906-010","name":"賜福里"}},{"arcs":[[32,-30,-32,33]],"type":"Polygon","properties":{"id":"1000906-011","name":"公舘里"}},{"arcs":[[-31,-26,34,35,36,37,38,-34]],"type":"Polygon","properties":{"id":"1000906-012","name":"大同里"}},{"arcs":[[39,-35,-25,40]],"type":"Polygon","properties":{"id":"1000906-013","name":"仁安里"}},{"arcs":[[41,42,-36,-40,43]],"type":"Polygon","properties":{"id":"1000906-014","name":"華勝里"}},{"arcs":[[-44,-41,-27,-12,44,45]],"type":"Polygon","properties":{"id":"1000906-015","name":"光復里"}},{"arcs":[[46,47,48,49,50,51,-37,-43]],"type":"Polygon","properties":{"id":"1000906-016","name":"新街里"}},{"arcs":[[52,53,54,55,-48]],"type":"Polygon","properties":{"id":"1000906-017","name":"劉厝里"}},{"arcs":[[56,-50,57,58,59]],"type":"Polygon","properties":{"id":"1000906-018","name":"府番里"}},{"arcs":[[60,-58,-49,-56,61]],"type":"Polygon","properties":{"id":"1000906-019","name":"草湖里"}},{"arcs":[[62,-62,-55,63,64]],"type":"Polygon","properties":{"id":"1000906-020","name":"溝皂里"}},{"arcs":[[-60,65,-38,-52,66]],"type":"Polygon","properties":{"id":"1000906-021","name":"後溝里"}},{"arcs":[[-65,67,68,69]],"type":"Polygon","properties":{"id":"1000906-022","name":"番溝里"}},{"arcs":[[70,71,-69]],"type":"Polygon","properties":{"id":"1000906-023","name":"大北里"}},{"arcs":[[-71,-68,-64,-54,72,73]],"type":"Polygon","properties":{"id":"1000906-024","name":"好收里"}},{"arcs":[[-73,-53,-47,-42,-46,74,75]],"type":"Polygon","properties":{"id":"1000906-025","name":"樹腳里"}},{"arcs":[[76,-75,-45,-17,77,78]],"type":"Polygon","properties":{"id":"1000906-026","name":"扶朝里"}},{"arcs":[[-79,79]],"type":"Polygon","properties":{"id":"1000906-027","name":"水埔里"}},{"arcs":[[-51,-57,-67]],"type":"Polygon","properties":{"id":"1000906-028","name":"新厝里"}}]}}}