{"type":"Topology","bbox":[120.6512398100001,24.129228760000046,120.68240914300009,24.162288001000036],"transform":{"scale":[0.00003545999203638204,0.00003597305875950976],"translate":[120.65123981000009,24.129228760000046]},"arcs":[[[786,261],[93,-86],[-178,-74]],[[701,101],[-48,43],[133,117]],[[606,68],[-26,24]],[[580,92],[84,120],[86,80]],[[750,292],[36,-31]],[[701,101],[-95,-33]],[[515,146],[77,50]],[[592,196],[42,81],[57,-11],[42,40]],[[733,306],[17,-14]],[[580,92],[-65,54]],[[506,251],[47,-20]],[[553,231],[39,-35]],[[515,146],[-62,54]],[[453,200],[53,51]],[[662,367],[71,-61]],[[553,231],[38,80],[71,56]],[[506,251],[56,49],[-10,84]],[[552,384],[12,67]],[[564,451],[15,-12]],[[579,439],[83,-72]],[[453,200],[-42,-41]],[[411,159],[-51,45]],[[360,204],[0,20]],[[360,224],[48,78]],[[408,302],[45,-12],[99,94]],[[606,68],[-121,-57]],[[485,11],[-74,148]],[[485,11],[-150,-11],[-39,81]],[[296,81],[64,66],[0,57]],[[625,638],[54,-43],[-35,-96]],[[644,499],[-87,74]],[[557,573],[68,65]],[[496,432],[-35,55],[0,98]],[[461,585],[96,-12]],[[644,499],[-65,-60]],[[564,451],[-68,-19]],[[408,302],[-40,0]],[[368,302],[0,44]],[[368,346],[-70,-1]],[[298,345],[-3,37]],[[295,382],[73,39]],[[368,421],[128,11]],[[360,224],[0,-20]],[[296,81],[-124,49]],[[172,130],[0,35]],[[172,165],[42,0],[80,78],[27,59],[47,0]],[[295,382],[-124,0]],[[171,382],[-30,0]],[[141,382],[21,90]],[[162,472],[0,14]],[[162,486],[90,1]],[[252,487],[116,0]],[[368,487],[0,-66]],[[253,617],[-43,1]],[[210,618],[0,30]],[[210,648],[3,26],[129,198]],[[342,872],[14,-82],[64,-47],[-59,-33]],[[361,710],[-31,-92]],[[330,618],[-77,-1]],[[107,438],[-107,1],[2,106],[48,56]],[[50,601],[59,1]],[[109,602],[-2,-164]],[[298,345],[70,1]],[[172,165],[-1,178]],[[171,343],[0,26]],[[171,369],[0,13]],[[210,648],[-39,7],[-79,74]],[[92,729],[60,25],[109,165],[81,-47]],[[253,617],[-1,-130]],[[162,486],[0,73],[48,42]],[[210,601],[0,17]],[[330,618],[38,-68]],[[368,550],[0,-63]],[[210,601],[-101,1]],[[50,601],[1,104],[41,24]],[[162,486],[0,-14]],[[141,382],[-39,-78]],[[102,304],[5,134]],[[368,550],[28,0]],[[396,550],[65,35]],[[171,369],[0,-26]],[[172,130],[-69,38],[-1,136]],[[361,710],[50,-30],[165,-16],[49,-26]],[[396,550],[-28,0]]],"objects":{"map":{"type":"GeometryCollection","geometries":[{"arcs":[[0,1]],"type":"Polygon","properties":{"id":"6600400-001","name":"民生里"}},{"arcs":[[2,3,4,-2,5]],"type":"Polygon","properties":{"id":"6600400-002","name":"利民里"}},{"arcs":[[6,7,8,-4,9]],"type":"Polygon","properties":{"id":"6600400-003","name":"三民里"}},{"arcs":[[10,11,-7,12,13]],"type":"Polygon","properties":{"id":"6600400-004","name":"東昇里"}},{"arcs":[[14,-8,-12,15]],"type":"Polygon","properties":{"id":"6600400-005","name":"廣民里"}},{"arcs":[[-11,16,17,18,19,-16]],"type":"Polygon","properties":{"id":"6600400-006","name":"平和里"}},{"arcs":[[20,21,22,23,24,-17,-14]],"type":"Polygon","properties":{"id":"6600400-007","name":"公民里"}},{"arcs":[[-21,-13,-10,-3,25,26]],"type":"Polygon","properties":{"id":"6600400-008","name":"藍興里"}},{"arcs":[[-22,-27,27,28]],"type":"Polygon","properties":{"id":"6600400-009","name":"公舘里"}},{"arcs":[[29,30,31]],"type":"Polygon","properties":{"id":"6600400-010","name":"和龍里"}},{"arcs":[[32,33,-31,34,-19,35]],"type":"Polygon","properties":{"id":"6600400-012","name":"後龍里"}},{"arcs":[[-18,-25,36,37,38,39,40,41,-36]],"type":"Polygon","properties":{"id":"6600400-013","name":"安龍里"}},{"arcs":[[-37,-24,42,-29,43,44,45]],"type":"Polygon","properties":{"id":"6600400-014","name":"吉龍里"}},{"arcs":[[-41,46,47,48,49,50,51,52]],"type":"Polygon","properties":{"id":"6600400-015","name":"昇平里"}},{"arcs":[[53,54,55,56,57,58]],"type":"Polygon","properties":{"id":"6600400-016","name":"忠明里"}},{"arcs":[[59,60,61]],"type":"Polygon","properties":{"id":"6600400-017","name":"公正里"}},{"arcs":[[-40,62,-38,-46,63,64,65,-47]],"type":"Polygon","properties":{"id":"6600400-018","name":"土庫里"}},{"arcs":[[66,67,-56]],"type":"Polygon","properties":{"id":"6600400-019","name":"忠誠里"}},{"arcs":[[68,-51,69,70,-54]],"type":"Polygon","properties":{"id":"6600400-020","name":"公益里"}},{"arcs":[[-59,71,72,-52,-69]],"type":"Polygon","properties":{"id":"6600400-021","name":"中興里"}},{"arcs":[[-55,-71,73,-61,74,-67]],"type":"Polygon","properties":{"id":"6600400-022","name":"公平里"}},{"arcs":[[-62,-74,-70,75,-49,76,77]],"type":"Polygon","properties":{"id":"6600400-023","name":"公德里"}},{"arcs":[[-33,-42,-53,-73,78,79]],"type":"Polygon","properties":{"id":"6600400-024","name":"双龍里"}},{"arcs":[[-77,-48,-66,80,-64,-45,81]],"type":"Polygon","properties":{"id":"6600400-025","name":"大忠里"}},{"arcs":[[82,-32,-34,-80,83,-72,-58]],"type":"Polygon","properties":{"id":"6600400-011","name":"民龍里"}}]}}}