{"type":"Topology","bbox":[120.08233608100011,26.156321394000088,120.51152090200003,26.385190684000065],"transform":{"scale":[0.000029721940512459944,0.000027654578298692282],"translate":[120.08233608100011,26.156321394000088]},"arcs":[[[14010,7821],[-139,-83],[-64,-67],[-213,-77],[-29,40]],[[13565,7634],[-6,54],[-145,67],[-98,-106],[-28,46],[14,166],[-34,45],[17,95],[-111,-57],[-75,-135],[-81,7],[43,83],[-44,78],[186,103],[-33,109],[101,25],[38,-57],[147,-42],[39,-128],[-51,-106],[-14,-110],[157,-45],[206,36],[-3,130],[42,88],[82,59],[126,-7],[29,-65],[-59,-146]],[[14010,7821],[85,20],[64,-73],[126,58],[111,-159],[37,-112],[-213,11],[-67,113],[-73,-43],[7,-54],[-84,-150],[-82,-28],[-49,-107],[-75,41],[-131,-68],[-26,82],[-68,-6],[-58,-83],[-83,65],[57,57],[19,107],[54,71],[4,71]],[[4712,6705],[61,93],[175,103],[13,-64],[-231,-226],[-99,-111],[-63,55],[85,154],[59,-4]],[[10796,98],[110,-98],[-120,5],[10,93]]],"objects":{"map":{"type":"GeometryCollection","geometries":[{"arcs":[[0,1]],"type":"Polygon","properties":{"id":"0900704-001","name":"中柳村"}},{"arcs":[[-1,2]],"type":"Polygon","properties":{"id":"0900704-002","name":"樂華村"}},{"type":null,"properties":{"id":"0900704-S01","name":"島嶼"}},{"type":null,"properties":{"id":"0900704-S02","name":"島嶼"}},{"type":null,"properties":{"id":"0900704-S03","name":"島嶼"}},{"type":null,"properties":{"id":"0900704-S04","name":"島嶼"}},{"arcs":[[3]],"type":"Polygon","properties":{"id":"0900704-S05","name":"亮島1"}},{"type":null,"properties":{"id":"0900704-S06","name":"亮島2"}},{"type":null,"properties":{"id":"0900704-S07","name":"亮島3"}},{"type":null,"properties":{"id":"0900704-S08","name":"亮島4"}},{"type":null,"properties":{"id":"0900704-S09","name":"亮島5"}},{"type":null,"properties":{"id":"0900704-S10","name":"亮島6"}},{"type":null,"properties":{"id":"0900704-S11","name":"亮島7"}},{"type":null,"properties":{"id":"0900704-S12","name":"亮島8"}},{"type":null,"properties":{"id":"0900704-S13","name":"島嶼"}},{"type":null,"properties":{"id":"0900704-S14","name":"島嶼"}},{"arcs":[[4]],"type":"Polygon","properties":{"id":"0900704-S15","name":"島嶼"}},{"type":null,"properties":{"id":"0900704-S16","name":"西沙"}},{"type":null,"properties":{"id":"0900704-S17","name":"雙子礁1"}},{"type":null,"properties":{"id":"0900704-S18","name":"雙子礁2"}}]}}}