{"type":"Topology","bbox":[120.48712128300008,24.218569422000087,120.64275139600011,24.290455113000064],"transform":{"scale":[0.00008665373775057309,0.000064012191451449],"translate":[120.48712128300009,24.218569422000087]},"arcs":[[[1460,1003],[-3,62],[42,58],[136,-5],[15,-311],[146,6],[-17,-88],[-34,-37],[-81,-8],[21,-44],[-148,12],[-73,42],[-53,50],[-34,11],[83,221],[0,31]],[[436,918],[22,-49],[-32,-100],[-2,-44]],[[424,725],[-14,-47],[-13,-2]],[[397,676],[-5,-13]],[[392,663],[-21,-16],[-9,54],[47,147],[-23,51],[-41,20],[-75,-237],[4,-14]],[[274,668],[-11,-7]],[[263,661],[-6,-21]],[[257,640],[-31,-90],[-61,-196],[13,-48],[18,-32],[-3,-48]],[[193,226],[-46,47],[-78,90],[-69,92],[39,119],[-17,18],[47,151],[59,-34],[114,313],[17,63],[76,-50],[69,-87],[32,-30]],[[436,918],[48,-35],[58,-62],[-15,-45],[95,-44],[-13,-42],[17,-8],[-19,-67]],[[607,615],[-1,-4]],[[606,611],[-109,53],[-24,39],[-49,22]],[[606,611],[-4,-12]],[[602,599],[-4,-11]],[[598,588],[-48,23],[-55,8],[-98,57]],[[598,588],[-20,-61]],[[578,527],[-10,5]],[[568,532],[-74,36],[0,10]],[[494,578],[-21,31],[-81,54]],[[494,578],[-138,60],[-82,30]],[[568,532],[-21,-21],[-107,82],[-24,12],[-153,56]],[[578,527],[-11,-36]],[[567,491],[-310,149]],[[567,491],[-18,-56]],[[549,435],[-28,-91]],[[521,344],[-38,-118]],[[483,226],[-30,-97]],[[453,129],[-68,30],[-80,14]],[[305,173],[-63,10],[-49,43]],[[809,546],[-167,51],[-40,2]],[[607,615],[23,72],[28,-13],[161,-50],[54,-10],[-17,-83],[-47,15]],[[787,430],[-59,16],[-46,22],[-63,20],[-14,-16],[-38,19]],[[809,546],[-22,-116]],[[787,430],[32,-27],[-8,-45]],[[811,358],[-27,12],[-17,-20],[-89,47],[4,11],[-63,31],[-29,-24],[-41,20]],[[811,358],[-23,-49]],[[788,309],[-73,17],[-65,22],[-129,-4]],[[788,309],[-77,-122],[-5,0]],[[706,187],[-30,16],[-95,-3],[-47,7],[-51,19]],[[706,187],[-2,-28]],[[704,159],[-43,-30],[-118,-25],[-45,7],[-45,18]],[[704,159],[9,-62],[-23,-97],[-204,58],[-17,-32],[-175,91],[11,56]]],"objects":{"map":{"type":"GeometryCollection","geometries":[{"arcs":[[0]],"type":"Polygon","properties":{"id":"6601200-S02","name":"清泉崗軍事基地"}},{"arcs":[[1,2,3,4,5,6,7,8]],"type":"Polygon","properties":{"id":"6601400-S01","name":"臺中港"}},{"arcs":[[9,10,11,-2]],"type":"Polygon","properties":{"id":"6601400-001","name":"頂寮里"}},{"arcs":[[-3,-12,12,13,14]],"type":"Polygon","properties":{"id":"6601400-002","name":"下寮里"}},{"arcs":[[-4,-15,15,16,17,18]],"type":"Polygon","properties":{"id":"6601400-003","name":"中正里"}},{"arcs":[[-5,-19,19]],"type":"Polygon","properties":{"id":"6601400-004","name":"中和里"}},{"arcs":[[-6,-20,-18,20]],"type":"Polygon","properties":{"id":"6601400-005","name":"文化里"}},{"arcs":[[-7,-21,-17,21,22]],"type":"Polygon","properties":{"id":"6601400-006","name":"安仁里"}},{"arcs":[[-23,23,24,25,26,27,28,-8]],"type":"Polygon","properties":{"id":"6601400-007","name":"草湳里"}},{"arcs":[[29,-13,-11,30]],"type":"Polygon","properties":{"id":"6601400-008","name":"南簡里"}},{"arcs":[[31,-22,-16,-14,-30,32]],"type":"Polygon","properties":{"id":"6601400-009","name":"福德里"}},{"arcs":[[33,34,-24,-32]],"type":"Polygon","properties":{"id":"6601400-010","name":"大庄里"}},{"arcs":[[-25,-35,35,36]],"type":"Polygon","properties":{"id":"6601400-011","name":"大村里"}},{"arcs":[[37,38,-26,-37]],"type":"Polygon","properties":{"id":"6601400-012","name":"興農里"}},{"arcs":[[-27,-39,39,40]],"type":"Polygon","properties":{"id":"6601400-013","name":"永寧里"}},{"arcs":[[-28,-41,41]],"type":"Polygon","properties":{"id":"6601400-014","name":"永安里"}}]}}}