{"type":"Topology","bbox":[121.45474046600009,25.072459107000043,121.49129616800008,25.103371863000064],"transform":{"scale":[0.00004039304088396345,0.00003423339534886006],"translate":[121.45474046600009,25.072459107000046]},"arcs":[[[239,547],[54,-82]],[[293,465],[15,-58],[-58,-14],[-72,-58]],[[178,335],[-38,-31]],[[140,304],[-5,54]],[[135,358],[-20,36]],[[115,394],[-32,68]],[[83,462],[39,62]],[[122,524],[44,84],[-80,114]],[[86,722],[-1,15]],[[85,737],[61,12],[26,-33],[67,-169]],[[341,392],[5,-8]],[[346,384],[-52,-32]],[[294,352],[-84,-53]],[[210,299],[-32,36]],[[293,465],[48,-73]],[[296,292],[79,-78]],[[375,214],[-4,-5]],[[371,209],[-16,-33]],[[355,176],[-81,41]],[[274,217],[-38,57]],[[236,274],[60,18]],[[346,384],[31,-51]],[[377,333],[12,-34]],[[389,299],[-56,2]],[[333,301],[-39,51]],[[403,435],[13,-12]],[[416,423],[-75,-31]],[[239,547],[79,-33],[85,-79]],[[484,550],[-45,-53]],[[439,497],[-43,-37]],[[396,460],[-75,164]],[[321,624],[53,31],[110,-105]],[[833,582],[-55,-38],[-54,-75],[-5,-88]],[[719,381],[-111,83]],[[608,464],[-19,24]],[[589,488],[235,102],[9,-8]],[[557,452],[39,-71]],[[596,381],[-96,-40]],[[500,341],[-1,1]],[[499,342],[-43,42],[58,37]],[[514,421],[43,31]],[[691,313],[-48,-91]],[[643,222],[-167,60]],[[476,282],[-2,1]],[[474,283],[45,14]],[[519,297],[89,24]],[[608,321],[83,-8]],[[643,222],[-88,-81]],[[555,141],[-39,70]],[[516,211],[-40,71]],[[516,211],[-55,-18]],[[461,193],[-17,32]],[[444,225],[0,47]],[[444,272],[30,11]],[[497,436],[17,-15]],[[499,342],[-52,-18]],[[447,324],[-70,9]],[[416,423],[81,13]],[[500,341],[19,-44]],[[444,272],[3,52]],[[444,225],[-73,-16]],[[375,214],[14,85]],[[122,524],[-96,55]],[[26,579],[47,48],[13,95]],[[83,462],[-83,24]],[[0,486],[26,93]],[[135,358],[-101,-68]],[[34,290],[-25,83]],[[9,373],[106,21]],[[608,464],[-12,-83]],[[557,452],[32,36]],[[719,381],[-9,-37]],[[710,344],[-43,29],[-68,0]],[[599,373],[-3,8]],[[589,488],[-43,37]],[[546,525],[-21,65],[14,61],[-65,198]],[[474,849],[184,-23],[138,-70],[109,-99],[-72,-75]],[[546,525],[-28,-45]],[[518,480],[-34,70]],[[321,624],[-46,240]],[[275,864],[199,-15]],[[514,467],[-17,-31]],[[403,435],[-7,25]],[[439,497],[75,-30]],[[210,299],[21,-25]],[[231,274],[-51,-40]],[[180,234],[-57,61]],[[123,295],[17,9]],[[274,217],[-28,-35]],[[246,182],[-66,52]],[[231,274],[5,0]],[[296,292],[37,9]],[[461,193],[41,-126],[21,-5]],[[523,62],[-57,-62],[-63,29],[-65,83]],[[338,112],[17,64]],[[599,373],[9,-52]],[[710,344],[-19,-31]],[[85,737],[71,40],[43,126],[76,-39]],[[180,234],[-32,-40]],[[148,194],[-81,71]],[[67,265],[56,30]],[[555,141],[-32,-79]],[[518,480],[-4,-13]],[[338,112],[-102,45]],[[236,157],[10,25]],[[236,157],[-88,37]],[[9,373],[-9,113]],[[67,265],[-33,25]]],"objects":{"map":{"type":"GeometryCollection","geometries":[{"arcs":[[0,1,2,3,4,5,6,7,8,9]],"type":"Polygon","properties":{"id":"6501400-001","name":"正義里"}},{"arcs":[[10,11,12,13,-2,14]],"type":"Polygon","properties":{"id":"6501400-002","name":"中原里"}},{"arcs":[[15,16,17,18,19,20]],"type":"Polygon","properties":{"id":"6501400-003","name":"中路里"}},{"arcs":[[21,22,23,24,-12]],"type":"Polygon","properties":{"id":"6501400-004","name":"光華里"}},{"arcs":[[25,26,-15,-1,27]],"type":"Polygon","properties":{"id":"6501400-005","name":"保佑里"}},{"arcs":[[28,29,30,31]],"type":"Polygon","properties":{"id":"6501400-006","name":"水湳里"}},{"arcs":[[32,33,34,35]],"type":"Polygon","properties":{"id":"6501400-007","name":"樓厝里"}},{"arcs":[[36,37,38,39,40]],"type":"Polygon","properties":{"id":"6501400-008","name":"鷺江里"}},{"arcs":[[41,42,43,44,45,46]],"type":"Polygon","properties":{"id":"6501400-009","name":"恆德里"}},{"arcs":[[-43,47,48,49]],"type":"Polygon","properties":{"id":"6501400-010","name":"溪墘里"}},{"arcs":[[-44,-50,50,51,52,53]],"type":"Polygon","properties":{"id":"6501400-011","name":"樹德里"}},{"arcs":[[54,-40,55,56,-22,-11,-27,57]],"type":"Polygon","properties":{"id":"6501400-012","name":"保和里"}},{"arcs":[[58,-45,-54,59,-56,-39]],"type":"Polygon","properties":{"id":"6501400-013","name":"仁復里"}},{"arcs":[[-60,-53,60,-17,61,-23,-57]],"type":"Polygon","properties":{"id":"6501400-014","name":"得勝里"}},{"arcs":[[62,63,-8]],"type":"Polygon","properties":{"id":"6501400-015","name":"南港里"}},{"arcs":[[-63,-7,64,65]],"type":"Polygon","properties":{"id":"6501400-016","name":"永樂里"}},{"arcs":[[66,67,68,-5]],"type":"Polygon","properties":{"id":"6501400-017","name":"永康里"}},{"arcs":[[69,-37,70,-35]],"type":"Polygon","properties":{"id":"6501400-018","name":"信義里"}},{"arcs":[[71,72,73,-70,-34]],"type":"Polygon","properties":{"id":"6501400-019","name":"玉清里"}},{"arcs":[[-36,74,75,76]],"type":"Polygon","properties":{"id":"6501400-020","name":"復興里"}},{"arcs":[[-76,77,78,-32,79,80]],"type":"Polygon","properties":{"id":"6501400-021","name":"水河里"}},{"arcs":[[81,-58,-26,82,-30,83]],"type":"Polygon","properties":{"id":"6501400-022","name":"仁愛里"}},{"arcs":[[-14,84,85,86,87,-3]],"type":"Polygon","properties":{"id":"6501400-023","name":"忠義里"}},{"arcs":[[-20,88,89,-86,90]],"type":"Polygon","properties":{"id":"6501400-024","name":"九芎里"}},{"arcs":[[-62,-16,91,-24]],"type":"Polygon","properties":{"id":"6501400-025","name":"中華里"}},{"arcs":[[-52,92,93,94,-18,-61]],"type":"Polygon","properties":{"id":"6501400-026","name":"得仁里"}},{"arcs":[[95,-46,-59,-38,-74]],"type":"Polygon","properties":{"id":"6501400-027","name":"仁德里"}},{"arcs":[[96,-47,-96,-73]],"type":"Polygon","properties":{"id":"6501400-028","name":"仁義里"}},{"arcs":[[-25,-92,-21,-91,-85,-13]],"type":"Polygon","properties":{"id":"6501400-029","name":"光明里"}},{"arcs":[[-80,-31,-83,-28,-10,97]],"type":"Polygon","properties":{"id":"6501400-030","name":"保新里"}},{"arcs":[[98,99,100,-87]],"type":"Polygon","properties":{"id":"6501400-031","name":"長安里"}},{"arcs":[[-49,101,-93,-51]],"type":"Polygon","properties":{"id":"6501400-032","name":"民和里"}},{"arcs":[[102,-84,-29,-79]],"type":"Polygon","properties":{"id":"6501400-033","name":"忠孝里"}},{"arcs":[[-75,-71,-41,-55,-82,-103,-78]],"type":"Polygon","properties":{"id":"6501400-034","name":"福安里"}},{"arcs":[[-95,103,104,-89,-19]],"type":"Polygon","properties":{"id":"6501400-035","name":"永安里"}},{"arcs":[[-90,-105,105,-99]],"type":"Polygon","properties":{"id":"6501400-036","name":"延平里"}},{"arcs":[[-65,-6,-69,106]],"type":"Polygon","properties":{"id":"6501400-037","name":"成功里"}},{"arcs":[[-4,-88,-101,107,-67]],"type":"Polygon","properties":{"id":"6501400-038","name":"永德里"}}]}}}