{"type":"Topology","bbox":[120.16292533000001,22.981257695000068,120.21217989500008,23.00754180200005],"transform":{"scale":[0.00003734235405615565,0.00003081372450173605],"translate":[120.16292533000001,22.981257695000068]},"arcs":[[[1266,92],[6,10]],[[1272,102],[21,9]],[[1293,111],[21,-111],[-175,4]],[[1139,4],[11,40]],[[1150,44],[30,0]],[[1180,44],[6,-1]],[[1186,43],[80,49]],[[996,125],[0,-119]],[[996,6],[-66,2],[-2,119]],[[928,127],[68,-2]],[[1180,44],[-30,0]],[[1139,4],[-47,1]],[[1092,5],[14,147]],[[1106,152],[90,-19],[-10,-90]],[[1110,187],[-4,-35]],[[1092,5],[-53,0]],[[1039,5],[2,160],[69,22]],[[1310,250],[-17,-135]],[[1293,115],[-95,138]],[[1198,253],[14,-1]],[[1212,252],[98,-2]],[[1053,271],[63,-17]],[[1116,254],[-6,-67]],[[1039,5],[-43,1]],[[996,125],[6,159]],[[1002,284],[51,-13]],[[928,276],[-1,-74]],[[927,202],[-72,5]],[[855,207],[12,87]],[[867,294],[61,-18]],[[928,127],[-1,75]],[[928,276],[6,26]],[[934,302],[68,-18]],[[868,303],[-1,-9]],[[855,207],[-59,13]],[[796,220],[18,96]],[[814,316],[54,-13]],[[796,220],[-86,20]],[[710,240],[42,90]],[[752,330],[62,-14]],[[1210,276],[-12,78]],[[1198,354],[105,-19]],[[1303,335],[7,-85]],[[1212,252],[0,17]],[[1212,269],[-2,7]],[[1198,253],[-70,116]],[[1128,369],[70,-15]],[[1210,276],[2,-7]],[[1016,359],[-14,-75]],[[934,302],[22,73]],[[956,375],[60,-16]],[[1198,253],[-82,1]],[[1053,271],[21,122]],[[1074,393],[54,-24]],[[868,303],[-18,97]],[[850,400],[106,-25]],[[1304,375],[-1,-40]],[[1128,369],[44,32]],[[1172,401],[132,-26]],[[752,330],[48,4],[17,84]],[[817,418],[33,-18]],[[902,458],[69,-28]],[[971,430],[-15,-55]],[[850,400],[17,70]],[[867,470],[35,-12]],[[1040,460],[-24,-101]],[[971,430],[12,55]],[[983,485],[57,-25]],[[1220,439],[-48,-38]],[[1074,393],[28,96]],[[1102,489],[118,-50]],[[1040,460],[19,48]],[[1059,508],[43,-19]],[[1220,439],[99,75]],[[1319,514],[-15,-139]],[[710,240],[-72,-44],[8,115],[-20,135],[5,77]],[[631,523],[147,-48],[39,-57]],[[830,486],[37,-16]],[[631,523],[2,17]],[[633,540],[197,-54]],[[995,529],[-12,-44]],[[902,458],[31,92]],[[933,550],[62,-21]],[[847,537],[-17,-51]],[[633,540],[4,30]],[[637,570],[1,4]],[[638,574],[22,5]],[[660,579],[187,-42]],[[1059,508],[10,71]],[[1069,579],[63,-26],[187,-39]],[[847,537],[15,44]],[[862,581],[71,-31]],[[995,529],[31,68]],[[1026,597],[43,-18]],[[933,550],[26,76]],[[959,626],[67,-29]],[[660,579],[14,22]],[[674,601],[64,58]],[[738,659],[124,-78]],[[862,581],[-2,96]],[[860,677],[99,-51]],[[738,659],[87,62]],[[825,721],[35,-44]],[[674,601],[16,62],[66,41],[63,73]],[[819,777],[6,-56]],[[637,570],[-176,1]],[[461,571],[-2,214]],[[459,785],[72,-4],[94,50]],[[625,831],[20,-170],[-7,-87]],[[625,831],[43,21],[151,-75]],[[461,571],[-147,8],[-314,143],[8,40],[100,5],[166,86],[24,-47],[161,-21]],[[1293,115],[0,-4]],[[1272,102],[-6,-10]]],"objects":{"map":{"type":"GeometryCollection","geometries":[{"arcs":[[0,1,2,3,4,5,6]],"type":"Polygon","properties":{"id":"6703700-009","name":"法華里"}},{"arcs":[[7,8,9]],"type":"Polygon","properties":{"id":"6703700-004","name":"仙草里"}},{"arcs":[[-6,10,-4,11,12,13]],"type":"Polygon","properties":{"id":"6703700-006","name":"五妃里"}},{"arcs":[[14,-13,15,16]],"type":"Polygon","properties":{"id":"6703700-010","name":"大南里"}},{"arcs":[[17,18,19,20]],"type":"Polygon","properties":{"id":"6703700-011","name":"開山里"}},{"arcs":[[21,22,-17,23,-8,24,25]],"type":"Polygon","properties":{"id":"6703700-012","name":"進學里"}},{"arcs":[[26,27,28,29]],"type":"Polygon","properties":{"id":"6703700-026","name":"元安里"}},{"arcs":[[-25,-10,30,-27,31,32]],"type":"Polygon","properties":{"id":"6703700-003","name":"小西里"}},{"arcs":[[33,-29,34,35,36]],"type":"Polygon","properties":{"id":"6703700-038","name":"郡西里"}},{"arcs":[[-36,37,38,39]],"type":"Polygon","properties":{"id":"6703700-029","name":"民生里"}},{"arcs":[[40,41,42,-21,43,44]],"type":"Polygon","properties":{"id":"6703700-019","name":"萬昌里"}},{"arcs":[[45,46,-41,47,-44,-20]],"type":"Polygon","properties":{"id":"6703700-002","name":"銀同里"}},{"arcs":[[48,-33,49,50]],"type":"Polygon","properties":{"id":"6703700-008","name":"福安里"}},{"arcs":[[-46,51,-22,52,53]],"type":"Polygon","properties":{"id":"6703700-016","name":"永華里"}},{"arcs":[[-50,-32,-30,-34,54,55]],"type":"Polygon","properties":{"id":"6703700-037","name":"保安里"}},{"arcs":[[56,-42,-47,57,58]],"type":"Polygon","properties":{"id":"6703700-014","name":"青年里"}},{"arcs":[[-55,-37,-40,59,60]],"type":"Polygon","properties":{"id":"6703700-032","name":"民主里"}},{"arcs":[[61,62,-56,63,64]],"type":"Polygon","properties":{"id":"6703700-030","name":"中正里"}},{"arcs":[[65,-51,-63,66,67]],"type":"Polygon","properties":{"id":"6703700-013","name":"建國里"}},{"arcs":[[68,-58,-54,69,70]],"type":"Polygon","properties":{"id":"6703700-018","name":"三民里"}},{"arcs":[[-70,-53,-26,-49,-66,71,72]],"type":"Polygon","properties":{"id":"6703700-015","name":"永福里"}},{"arcs":[[-59,-69,73,74]],"type":"Polygon","properties":{"id":"6703700-001","name":"公正里"}},{"arcs":[[-60,-39,75,76]],"type":"Polygon","properties":{"id":"6703700-031","name":"大涼里"}},{"arcs":[[77,-64,-61,-77,78,79]],"type":"Polygon","properties":{"id":"6703700-028","name":"安海里"}},{"arcs":[[80,-67,-62,81,82]],"type":"Polygon","properties":{"id":"6703700-021","name":"水仙里"}},{"arcs":[[83,-80,84,85,86,87]],"type":"Polygon","properties":{"id":"6703700-027","name":"協進里"}},{"arcs":[[-74,-71,-73,88,89]],"type":"Polygon","properties":{"id":"6703700-005","name":"赤嵌里"}},{"arcs":[[-82,-65,-78,-84,90,91]],"type":"Polygon","properties":{"id":"6703700-036","name":"民權里"}},{"arcs":[[-89,-72,-68,-81,92,93]],"type":"Polygon","properties":{"id":"6703700-017","name":"天后里"}},{"arcs":[[-93,-83,94,95]],"type":"Polygon","properties":{"id":"6703700-020","name":"普濟里"}},{"arcs":[[-91,-88,96,97,98]],"type":"Polygon","properties":{"id":"6703700-022","name":"藥王里"}},{"arcs":[[-95,-92,99,100]],"type":"Polygon","properties":{"id":"6703700-035","name":"三合里"}},{"arcs":[[-100,-99,101,102]],"type":"Polygon","properties":{"id":"6703700-023","name":"協和里"}},{"arcs":[[-102,-98,103,104]],"type":"Polygon","properties":{"id":"6703700-024","name":"文賢里"}},{"arcs":[[-86,105,106,107,108]],"type":"Polygon","properties":{"id":"6703700-033","name":"西湖里"}},{"arcs":[[-104,-97,-87,-109,109]],"type":"Polygon","properties":{"id":"6703700-025","name":"光賢里"}},{"arcs":[[-107,110]],"type":"Polygon","properties":{"id":"6703700-034","name":"西賢里"}},{"arcs":[[-14,-15,-23,-52,-19,111,-2,112,-7]],"type":"Polygon","properties":{"id":"6703700-007","name":"郡王里"}}]}}}