{"type":"Topology","bbox":[119.908897282,26.08115553600004,119.9740560890001,26.17532061600008],"transform":{"scale":[0.00003312598220645784,0.0000313779006997797],"translate":[119.908897282,26.08115553600004]},"arcs":[[[1518,2418],[-62,-129],[-65,-75],[-79,88],[-72,5],[-46,-47],[9,-112],[-55,7],[-58,-84]],[[1090,2071],[-141,133],[124,66]],[[1073,2270],[107,109],[-6,125]],[[1174,2504],[138,36],[74,-108],[49,44],[83,-58]],[[1174,2504],[-69,154],[19,36]],[[1124,2694],[87,57],[126,-9],[185,29],[176,-48],[-66,-87],[-31,-180],[-83,-38]],[[1073,2270],[-181,116]],[[892,2386],[103,92],[-53,103],[-15,118],[142,-28],[55,23]],[[1090,2071],[-91,-92],[-120,-12],[-32,99],[-76,-9],[-25,-55],[-64,-12]],[[682,1990],[-8,48],[-90,156]],[[584,2194],[33,-3],[68,112],[91,70],[18,109]],[[794,2482],[15,-145],[83,49]],[[682,1990],[-78,-60],[-94,-105],[-75,-7],[10,118],[-72,7],[-133,-33]],[[240,1910],[60,135],[110,111],[-32,58]],[[378,2214],[107,5],[99,-25]],[[240,1910],[-110,73],[-5,60],[-88,-36],[-37,39],[56,140],[132,122]],[[188,2308],[124,80]],[[312,2388],[66,-174]],[[286,2686],[163,-42]],[[449,2644],[32,-94]],[[481,2550],[-19,-49],[-150,-113]],[[188,2308],[77,138],[-73,70],[-11,81],[74,-5],[31,94]],[[481,2550],[155,-29],[36,-67],[122,28]],[[286,2686],[-96,137],[14,84],[55,87],[90,-25],[40,-76],[174,1],[5,-74],[-119,-176]],[[1859,2720],[68,74],[24,-107],[-69,-106],[-34,38],[11,101]]],"objects":{"map":{"type":"GeometryCollection","geometries":[{"arcs":[[0,1,2,3]],"type":"Polygon","properties":{"id":"0900701-001","name":"介壽村"}},{"arcs":[[-4,4,5]],"type":"Polygon","properties":{"id":"0900701-002","name":"復興村"}},{"arcs":[[-5,-3,6,7]],"type":"Polygon","properties":{"id":"0900701-003","name":"福沃村"}},{"arcs":[[-7,-2,8,9,10,11]],"type":"Polygon","properties":{"id":"0900701-004","name":"清水村"}},{"arcs":[[12,13,14,-10]],"type":"Polygon","properties":{"id":"0900701-005","name":"仁愛村"}},{"arcs":[[15,16,17,-14]],"type":"Polygon","properties":{"id":"0900701-006","name":"津沙村"}},{"arcs":[[18,19,20,-17,21]],"type":"Polygon","properties":{"id":"0900701-007","name":"馬祖村"}},{"arcs":[[-18,-21,22,-11,-15]],"type":"Polygon","properties":{"id":"0900701-008","name":"珠螺村"}},{"arcs":[[-19,23]],"type":"Polygon","properties":{"id":"0900701-009","name":"四維村"}},{"arcs":[[24]],"type":"Polygon","properties":{"id":"0900701-S01","name":"黃官嶼1"}},{"type":null,"properties":{"id":"0900701-S02","name":"黃官嶼2"}},{"type":null,"properties":{"id":"0900701-S03","name":"黃官嶼3"}},{"type":null,"properties":{"id":"0900701-S04","name":"黃官嶼4"}},{"type":null,"properties":{"id":"0900701-S05","name":"黃官嶼5"}},{"type":null,"properties":{"id":"0900701-S06","name":"黃官嶼6"}},{"type":null,"properties":{"id":"0900701-S07","name":"黃官嶼7"}},{"type":null,"properties":{"id":"0900701-S08","name":"黃官嶼8"}},{"type":null,"properties":{"id":"0900701-S09","name":"黃官嶼9"}},{"type":null,"properties":{"id":"0900701-S10","name":"黃官嶼10"}},{"type":null,"properties":{"id":"0900701-S11","name":"黃官嶼11"}},{"type":null,"properties":{"id":"0900701-S12","name":"黃官嶼12"}},{"type":null,"properties":{"id":"0900701-S13","name":"黃官嶼13"}},{"type":null,"properties":{"id":"0900701-S14","name":"黃官嶼14"}},{"type":null,"properties":{"id":"0900701-S15","name":"鞋礁1"}},{"type":null,"properties":{"id":"0900701-S16","name":"鞋礁2"}},{"type":null,"properties":{"id":"0900701-S17","name":"鞋礁3"}},{"type":null,"properties":{"id":"0900701-S18","name":"鞋礁4"}},{"type":null,"properties":{"id":"0900701-S19","name":"北泉礁1"}},{"type":null,"properties":{"id":"0900701-S20","name":"北泉礁2"}},{"type":null,"properties":{"id":"0900701-S21","name":"劉泉礁1"}},{"type":null,"properties":{"id":"0900701-S22","name":"劉泉礁2"}},{"type":null,"properties":{"id":"0900701-S23","name":"劉泉礁3"}},{"type":null,"properties":{"id":"0900701-S24","name":"劉泉礁4"}},{"type":null,"properties":{"id":"0900701-S25","name":"劉泉礁5"}},{"type":null,"properties":{"id":"0900701-S26","name":"劉泉礁6"}},{"type":null,"properties":{"id":"0900701-S27","name":"劉泉礁7"}},{"type":null,"properties":{"id":"0900701-S28","name":"劉泉礁8"}},{"type":null,"properties":{"id":"0900701-S29","name":"劉泉礁9"}},{"type":null,"properties":{"id":"0900701-S30","name":"劉泉礁10"}},{"type":null,"properties":{"id":"0900701-S31","name":"劉泉礁11"}},{"type":null,"properties":{"id":"0900701-S32","name":"劉泉礁12"}},{"type":null,"properties":{"id":"0900701-S33","name":"劉泉礁13"}},{"type":null,"properties":{"id":"0900701-S34","name":"劉泉礁14"}},{"type":null,"properties":{"id":"0900701-S35","name":"劉泉礁15"}},{"type":null,"properties":{"id":"0900701-S36","name":"劉泉礁16"}},{"type":null,"properties":{"id":"0900701-S37","name":"劉泉礁17"}},{"type":null,"properties":{"id":"0900701-S38","name":"劉泉礁18"}},{"type":null,"properties":{"id":"0900701-S39","name":"劉泉礁19"}}]}}}