{"type":"Topology","bbox":[120.29702203500005,22.620018305000087,120.318069917,22.63683233200004],"transform":{"scale":[0.00003122831157262315,0.00002476292636222769],"translate":[120.29702203500005,22.620018305000087]},"arcs":[[[397,95],[-20,64],[-104,-42]],[[273,117],[-18,60]],[[255,177],[103,42]],[[358,219],[86,38]],[[444,257],[36,-128],[-83,-34]],[[143,63],[-16,61]],[[127,124],[128,53]],[[273,117],[-130,-54]],[[358,219],[-12,81]],[[346,300],[71,3]],[[417,303],[117,41]],[[534,344],[-90,-87]],[[273,117],[21,-65]],[[294,52],[-130,-52],[-21,63]],[[397,95],[-103,-43]],[[325,352],[-42,4]],[[283,356],[5,89]],[[288,445],[43,-4]],[[331,441],[-6,-89]],[[322,299],[3,53]],[[331,441],[24,-2]],[[355,439],[-9,-139]],[[346,300],[-24,-1]],[[424,434],[2,0]],[[426,434],[-9,-131]],[[355,439],[69,-5]],[[238,360],[45,-4]],[[322,299],[-89,-4]],[[233,295],[5,65]],[[238,360],[6,89]],[[244,449],[1,0]],[[245,449],[43,-4]],[[255,177],[-22,118]],[[127,124],[16,167]],[[143,291],[90,4]],[[638,513],[-113,10]],[[525,523],[2,32]],[[527,555],[8,120]],[[535,675],[97,-94],[6,-68]],[[638,513],[36,-105],[-156,18]],[[518,426],[7,97]],[[426,434],[92,-8]],[[518,426],[16,-82]],[[424,434],[9,128]],[[433,562],[94,-7]],[[433,562],[-67,7]],[[366,569],[7,108]],[[373,677],[162,-2]],[[298,575],[61,-67],[-4,-69]],[[245,449],[4,69]],[[249,518],[4,61]],[[253,579],[45,-4]],[[253,579],[-87,11]],[[166,590],[6,84]],[[172,674],[86,-8]],[[258,666],[-5,-87]],[[249,518],[-88,8]],[[161,526],[5,64]],[[244,449],[-88,6]],[[156,455],[5,71]],[[366,569],[-68,6]],[[258,666],[115,11]],[[70,422],[-17,59]],[[53,481],[37,16]],[[90,497],[71,29]],[[156,455],[-86,-33]],[[93,347],[-23,75]],[[156,455],[-7,-87]],[[149,368],[-56,-21]],[[90,497],[-24,80]],[[66,577],[100,13]],[[53,481],[-26,80]],[[27,561],[39,16]],[[27,561],[-27,88],[115,30]],[[115,679],[-68,-41],[19,-61]],[[115,679],[57,-5]],[[143,291],[6,77]],[[149,368],[89,-8]],[[143,291],[-106,-44],[-21,68],[77,32]]],"objects":{"map":{"type":"GeometryCollection","geometries":[{"arcs":[[0,1,2,3,4]],"type":"Polygon","properties":{"id":"6400600-001","name":"浩然里"}},{"arcs":[[5,6,-2,7]],"type":"Polygon","properties":{"id":"6400600-002","name":"振成里"}},{"arcs":[[-4,8,9,10,11]],"type":"Polygon","properties":{"id":"6400600-003","name":"德生里"}},{"arcs":[[-8,12,13]],"type":"Polygon","properties":{"id":"6400600-004","name":"振華里"}},{"arcs":[[-13,-1,14]],"type":"Polygon","properties":{"id":"6400600-005","name":"正氣里"}},{"arcs":[[15,16,17,18]],"type":"Polygon","properties":{"id":"6400600-006","name":"德政里"}},{"arcs":[[19,-19,20,21,22]],"type":"Polygon","properties":{"id":"6400600-007","name":"仁聲里"}},{"arcs":[[23,24,-10,-22,25]],"type":"Polygon","properties":{"id":"6400600-008","name":"德望里"}},{"arcs":[[26,-16,-20,27,28]],"type":"Polygon","properties":{"id":"6400600-009","name":"華聲里"}},{"arcs":[[-27,29,30,31,-17]],"type":"Polygon","properties":{"id":"6400600-010","name":"蕉園里"}},{"arcs":[[-9,-3,32,-28,-23]],"type":"Polygon","properties":{"id":"6400600-011","name":"永寧里"}},{"arcs":[[33,34,-33,-7]],"type":"Polygon","properties":{"id":"6400600-012","name":"玉衡里"}},{"arcs":[[35,36,37,38]],"type":"Polygon","properties":{"id":"6400600-013","name":"順昌里"}},{"arcs":[[-36,39,40]],"type":"Polygon","properties":{"id":"6400600-014","name":"文昌里"}},{"arcs":[[-25,41,42,-11]],"type":"Polygon","properties":{"id":"6400600-015","name":"光耀里"}},{"arcs":[[-37,-41,-42,-24,43,44]],"type":"Polygon","properties":{"id":"6400600-016","name":"興昌里"}},{"arcs":[[-38,-45,45,46,47]],"type":"Polygon","properties":{"id":"6400600-017","name":"開平里"}},{"arcs":[[48,-21,-18,-32,49,50,51]],"type":"Polygon","properties":{"id":"6400600-018","name":"成功里"}},{"arcs":[[52,53,54,55]],"type":"Polygon","properties":{"id":"6400600-019","name":"新江里"}},{"arcs":[[56,57,-53,-51]],"type":"Polygon","properties":{"id":"6400600-020","name":"黎明里"}},{"arcs":[[-50,-31,58,59,-57]],"type":"Polygon","properties":{"id":"6400600-021","name":"愛平里"}},{"arcs":[[-47,60,-52,-56,61]],"type":"Polygon","properties":{"id":"6400600-022","name":"南港里"}},{"arcs":[[-46,-44,-26,-49,-61]],"type":"Polygon","properties":{"id":"6400600-023","name":"中東里"}},{"arcs":[[62,63,64,-60,65]],"type":"Polygon","properties":{"id":"6400600-024","name":"明莊里"}},{"arcs":[[66,-66,67,68]],"type":"Polygon","properties":{"id":"6400600-025","name":"大明里"}},{"arcs":[[69,70,-58,-65]],"type":"Polygon","properties":{"id":"6400600-026","name":"秋山里"}},{"arcs":[[71,72,-70,-64]],"type":"Polygon","properties":{"id":"6400600-027","name":"長驛里"}},{"arcs":[[-73,73,74]],"type":"Polygon","properties":{"id":"6400600-028","name":"建興里"}},{"arcs":[[-71,-75,75,-54]],"type":"Polygon","properties":{"id":"6400600-029","name":"建華里"}},{"arcs":[[76,77,-29,-35]],"type":"Polygon","properties":{"id":"6400600-030","name":"漢民里"}},{"arcs":[[-69,-77,78]],"type":"Polygon","properties":{"id":"6400600-031","name":"榮治里"}},{"arcs":[[-78,-68,-59,-30]],"type":"Polygon","properties":{"id":"6400600-032","name":"東坡里"}}]}}}