{"type":"Topology","bbox":[120.64302632200008,24.105394656000044,120.68534907200001,24.13552820500007],"transform":{"scale":[0.00003985193032008069,0.000036703470158376326],"translate":[120.64302632200008,24.105394656000044]},"arcs":[[[1030,725],[6,-77]],[[1036,648],[-133,-60]],[[903,588],[-28,61]],[[875,649],[-7,15]],[[868,664],[162,61]],[[911,509],[0,23]],[[911,532],[-8,56]],[[1036,648],[-16,-141]],[[1020,507],[-109,2]],[[1020,507],[42,-62],[-45,-83],[-105,-34]],[[912,328],[-1,181]],[[911,532],[-82,0],[-37,41]],[[792,573],[4,32]],[[796,605],[79,44]],[[717,462],[0,0],[0,23],[7,19],[26,16],[20,53],[22,0]],[[912,328],[-87,8],[-126,-71],[26,-90],[-70,11]],[[655,186],[23,15],[34,172]],[[712,373],[5,89]],[[651,632],[74,34],[65,-50]],[[790,616],[6,-11]],[[717,462],[-6,0]],[[711,462],[-34,0]],[[677,462],[0,105],[-26,65]],[[651,632],[-13,28]],[[638,660],[152,70]],[[790,730],[24,-52],[-24,-62]],[[677,462],[-81,1],[-25,29]],[[571,492],[-2,2]],[[569,494],[20,110],[62,28]],[[476,672],[28,-23],[134,11]],[[569,494],[-61,50],[-16,49],[-70,-32]],[[422,561],[-12,111]],[[410,672],[66,0]],[[427,522],[60,-102]],[[487,420],[11,-13]],[[498,407],[-101,-86]],[[397,321],[-56,58]],[[341,379],[13,104],[73,39]],[[410,161],[28,53],[0,99]],[[438,313],[200,0]],[[638,313],[0,-65],[-54,-53]],[[584,195],[-40,0],[-77,-54],[1,-39]],[[468,102],[-58,59]],[[275,306],[135,-145]],[[468,102],[-9,-69],[-109,-33],[20,64],[-189,-11],[-5,121],[-132,-50],[15,69]],[[59,193],[89,-5],[69,33],[58,85]],[[341,379],[-12,-42],[-54,-31]],[[59,193],[42,73],[-6,97],[-78,-1],[-17,64],[139,42],[80,39],[51,-29]],[[270,478],[71,-99]],[[296,658],[2,156],[172,-86],[6,-56]],[[410,672],[-114,-14]],[[868,664],[35,61],[-21,47]],[[882,772],[106,49],[42,-96]],[[790,730],[92,42]],[[427,522],[-5,39]],[[571,492],[-84,-72]],[[712,373],[-74,0]],[[638,373],[-93,1],[-47,33]],[[711,462],[6,0]],[[438,313],[-41,8]],[[638,373],[0,-60]],[[655,186],[-71,9]],[[270,478],[-5,139],[31,41]]],"objects":{"map":{"type":"GeometryCollection","geometries":[{"arcs":[[0,1,2,3,4]],"type":"Polygon","properties":{"id":"6600300-001","name":"城隍里"}},{"arcs":[[5,6,-2,7,8]],"type":"Polygon","properties":{"id":"6600300-002","name":"國光里"}},{"arcs":[[-9,9,10]],"type":"Polygon","properties":{"id":"6600300-003","name":"南門里"}},{"arcs":[[11,12,13,-3,-7]],"type":"Polygon","properties":{"id":"6600300-004","name":"德義里"}},{"arcs":[[14,-12,-6,-11,15,16,17]],"type":"Polygon","properties":{"id":"6600300-005","name":"積善里"}},{"arcs":[[18,19,-13,-15,20,21,22]],"type":"Polygon","properties":{"id":"6600300-006","name":"江川里"}},{"arcs":[[-19,23,24,25]],"type":"Polygon","properties":{"id":"6600300-007","name":"新榮里"}},{"arcs":[[26,27,28,-23]],"type":"Polygon","properties":{"id":"6600300-008","name":"福興里"}},{"arcs":[[29,-24,-29,30,31,32]],"type":"Polygon","properties":{"id":"6600300-009","name":"福平里"}},{"arcs":[[33,34,35,36,37]],"type":"Polygon","properties":{"id":"6600300-010","name":"和平里"}},{"arcs":[[38,39,40,41,42]],"type":"Polygon","properties":{"id":"6600300-011","name":"永興里"}},{"arcs":[[43,-43,44,45]],"type":"Polygon","properties":{"id":"6600300-012","name":"樹義里"}},{"arcs":[[46,-46,47,48]],"type":"Polygon","properties":{"id":"6600300-013","name":"樹德里"}},{"arcs":[[49,-33,50]],"type":"Polygon","properties":{"id":"6600300-014","name":"西川里"}},{"arcs":[[-5,51,52]],"type":"Polygon","properties":{"id":"6600300-015","name":"長春里"}},{"arcs":[[-4,-14,-20,-26,53,-52]],"type":"Polygon","properties":{"id":"6600300-016","name":"長榮里"}},{"arcs":[[-34,54,-31,-28,55]],"type":"Polygon","properties":{"id":"6600300-017","name":"福順里"}},{"arcs":[[56,57,-35,-56,-27,-22,58,-18]],"type":"Polygon","properties":{"id":"6600300-018","name":"平和里"}},{"arcs":[[-40,59,-36,-58,60]],"type":"Polygon","properties":{"id":"6600300-019","name":"南和里"}},{"arcs":[[-61,-57,-17,61,-41]],"type":"Polygon","properties":{"id":"6600300-020","name":"永和里"}},{"arcs":[[-44,-47,-37,-60,-39]],"type":"Polygon","properties":{"id":"6600300-021","name":"工學里"}},{"arcs":[[-38,-49,62,-51,-32,-55]],"type":"Polygon","properties":{"id":"6600300-022","name":"崇倫里"}}]}}}