{
    "type": "Topology",
    "bbox": [118.14555951500006, 21.895599675000085, 124.56017308900005, 26.38517819300006],
    "transform": { "scale": [0.0001520699249442887, 0.00015500547293191455], "translate": [118.14555951500004, 21.895599675000085] },
    "arcs": [
        [
            [12095, 26289],
            [-37, -89],
            [-78, -35],
            [-15, 46],
            [43, 56],
            [87, 22]
        ],
        [
            [11830, 26364],
            [21, -26],
            [-69, -51],
            [-55, 15],
            [-13, 59],
            [116, 3]
        ],
        [
            [11649, 27609],
            [70, -35],
            [-20, -55],
            [113, -15],
            [47, 55],
            [68, 5],
            [17, -64],
            [-45, -49],
            [-86, -48],
            [-50, 16],
            [-129, -24],
            [-26, 50],
            [45, 53],
            [-18, 30],
            [14, 81]
        ],
        [
            [12171, 28015],
            [66, -26],
            [1, -49],
            [-67, -55],
            [-58, 5],
            [-29, 41],
            [87, 84]
        ],
        [
            [12126, 28298],
            [17, -45],
            [-41, -54],
            [-47, 20],
            [71, 79]
        ],
        [
            [15348, 28950],
            [26, -38],
            [-13, -38],
            [71, -2],
            [24, 50],
            [59, -85],
            [-108, -52],
            [-21, 74],
            [-28, 12],
            [-47, 34],
            [37, 45]
        ],
        [
            [679, 16520],
            [74, -23],
            [60, -43],
            [-19, -116],
            [-108, -42],
            [-24, -47],
            [-92, -10],
            [-41, -50],
            [-75, 64],
            [14, 85],
            [47, 55],
            [44, 100],
            [120, 27]
        ],
        [
            [1748, 17009],
            [118, -30],
            [42, -84],
            [98, -29],
            [-7, -34],
            [81, -132],
            [28, -149],
            [66, -50],
            [-25, -78],
            [-107, -151],
            [-133, -63],
            [-55, 102],
            [-112, 30],
            [-52, 42],
            [-110, 1],
            [-86, -21],
            [-124, -58],
            [-83, -92],
            [-46, -114],
            [-70, -33],
            [-87, 25],
            [-36, 39],
            [-51, -2],
            [-47, 61],
            [-78, 52],
            [84, 37],
            [74, 113],
            [0, 64],
            [-45, 104],
            [-60, 81],
            [43, 97],
            [97, 38],
            [70, -17],
            [87, -91],
            [125, -48],
            [84, 0],
            [104, 87],
            [44, 55],
            [-11, 93],
            [53, 23],
            [31, 51],
            [96, 81]
        ],
        [
            [8633, 19960],
            [-70, -13],
            [-19, 78],
            [72, -30],
            [17, -35]
        ],
        [
            [25082, 19027],
            [35, -38],
            [-112, -24],
            [-52, 21],
            [48, 82],
            [81, -41]
        ],
        [
            [25123, 19919],
            [-196, -60],
            [-70, -34],
            [-61, -108],
            [-187, -108],
            [-16, -105],
            [-164, -157],
            [-60, -28],
            [-57, -90],
            [-79, -166],
            [-42, -139],
            [-30, -166],
            [-11, -162],
            [19, -196],
            [78, -179],
            [42, -16],
            [-19, -60],
            [12, -228],
            [22, -107],
            [70, -182],
            [92, -117],
            [97, -28],
            [27, -38],
            [-100, -152],
            [26, -268],
            [-34, -45],
            [-175, -47],
            [-24, -89],
            [13, -55],
            [67, -21],
            [2, -63],
            [-114, -110],
            [-86, -42],
            [10, -36],
            [-72, -93],
            [-59, -46],
            [-71, -168],
            [-27, -231],
            [-88, -185],
            [-18, -72],
            [21, -112]
        ],
        [
            [23861, 15610],
            [-99, -7],
            [-94, 56],
            [-200, 25],
            [-112, 49],
            [-51, -5],
            [-36, 47],
            [-66, 17],
            [-170, 96],
            [-113, 79],
            [-61, -25],
            [0, -61],
            [37, -50],
            [51, -7],
            [-14, -87],
            [-221, -10],
            [-18, -34],
            [68, -100],
            [-205, 46],
            [-41, -12],
            [-62, 31],
            [-27, 55],
            [-74, 43],
            [-28, -13],
            [-121, 46],
            [-158, -24],
            [-83, 59],
            [-135, 46],
            [-85, 59]
        ],
        [
            [21743, 15929],
            [-60, 55],
            [-34, 62],
            [-55, 2],
            [-141, -36],
            [-48, 13],
            [-128, -82],
            [-50, 8],
            [-57, 135],
            [-63, 27],
            [-111, -20],
            [-88, 108],
            [16, 40],
            [4, 135],
            [-69, 49]
        ],
        [
            [20859, 16425],
            [41, 98],
            [80, 68],
            [42, 93],
            [101, 32],
            [85, 72],
            [18, 78],
            [68, 3],
            [53, 89],
            [65, 33],
            [-32, 68],
            [13, 54],
            [-27, 48],
            [61, 86],
            [54, 27],
            [-60, 120]
        ],
        [
            [21421, 17394],
            [64, 77],
            [36, -17],
            [63, 32],
            [46, 119],
            [109, 172],
            [-23, 26],
            [76, 116],
            [135, 5]
        ],
        [
            [21927, 17924],
            [84, -5],
            [128, 73],
            [76, -7],
            [86, 33],
            [6, 72],
            [37, 39],
            [97, 34],
            [126, 25],
            [68, 35],
            [42, 58],
            [9, 64],
            [-36, 82],
            [4, 57],
            [46, 76],
            [-37, 97],
            [90, 10],
            [26, 30],
            [71, -8],
            [64, 106],
            [114, 32],
            [84, -18],
            [56, 38],
            [53, -18],
            [82, 20],
            [-2, 57],
            [166, 101],
            [51, 52],
            [70, 39],
            [62, -22],
            [125, 27],
            [54, 60],
            [39, 4],
            [64, 58],
            [-21, 89],
            [71, 69],
            [118, 23],
            [141, 8],
            [133, 122],
            [-36, 91],
            [-45, 28],
            [10, 77],
            [39, 40],
            [92, 21],
            [68, -19],
            [168, 41],
            [37, 47],
            [89, 33],
            [113, 9],
            [69, 46],
            [124, -1],
            [21, -30]
        ],
        [
            [35057, 24878],
            [70, -15],
            [12, -60],
            [-79, 7],
            [-83, -41],
            [-31, 60],
            [111, 49]
        ],
        [
            [15197, 14913],
            [314, -104],
            [25, -25],
            [117, -249],
            [-15, -59],
            [57, -81],
            [53, -19],
            [61, -65],
            [151, -36],
            [72, 8],
            [36, -22],
            [154, -23],
            [18, -118],
            [29, -72],
            [38, -27],
            [-12, -101],
            [34, -153],
            [106, -23],
            [71, 30],
            [151, -107]
        ],
        [
            [16657, 13667],
            [-40, -53],
            [-42, 12],
            [-162, 3],
            [-26, -93],
            [83, -57],
            [-22, -139],
            [-66, -69],
            [-51, -18],
            [41, -72],
            [-36, -60],
            [49, -31],
            [-36, -91],
            [15, -120],
            [-30, -16],
            [-61, -153],
            [46, -58],
            [-55, -97],
            [50, -12],
            [77, -70],
            [12, -56],
            [71, -49],
            [111, 25],
            [73, -2],
            [2, -67],
            [-82, -79],
            [-172, -49]
        ],
        [
            [16406, 12196],
            [-167, 34],
            [-148, -2],
            [-275, 66],
            [-142, -13],
            [-119, 6],
            [-183, 41],
            [-205, 70],
            [-124, 83],
            [-150, -25],
            [-263, 14],
            [-67, -34],
            [-342, -19],
            [-349, 90],
            [-126, 90],
            [-102, 116]
        ],
        [
            [13644, 12713],
            [43, 75],
            [55, 48],
            [78, 21],
            [70, 70],
            [-10, 55],
            [31, 76],
            [53, 71],
            [69, 27],
            [5, 87],
            [24, 48],
            [151, 106],
            [12, 96],
            [51, 78],
            [116, 95],
            [48, 166],
            [4, 132],
            [53, 73],
            [60, 19],
            [27, 42],
            [137, 44],
            [-16, 59],
            [99, 133],
            [29, 81],
            [91, 178],
            [7, 77],
            [109, 110],
            [74, 15],
            [83, 118]
        ],
        [
            [21026, 15019],
            [32, -71],
            [12, -80],
            [-157, -26],
            [-64, -69],
            [-69, -35],
            [-115, -16],
            [-2, -131],
            [-42, -138],
            [95, -22],
            [132, -104],
            [83, -13],
            [-22, -81],
            [-40, -41],
            [26, -68],
            [-262, -198],
            [16, -93],
            [-59, -98],
            [-48, -118],
            [-61, -90],
            [31, -110],
            [55, 0],
            [31, -61],
            [-17, -35],
            [-21, -143],
            [29, -97],
            [-11, -101],
            [-56, -2],
            [-5, -103],
            [19, -49],
            [-103, -105],
            [-26, -99],
            [-60, -71],
            [-34, -186],
            [-46, -23],
            [-14, -67],
            [19, -84],
            [-151, -91],
            [51, -87],
            [128, -46],
            [-25, -40],
            [82, -228],
            [-13, -144],
            [-44, -67],
            [19, -96],
            [-74, -144],
            [3, -79],
            [-48, -78],
            [-28, -95],
            [-45, -27],
            [-77, 30],
            [-97, -67],
            [-68, -23],
            [-106, 1],
            [-9, -83],
            [55, -39],
            [-21, -53],
            [-62, -43],
            [21, -46],
            [-26, -120],
            [-75, -77],
            [-99, 37],
            [-111, -13],
            [-76, -27],
            [-155, 24],
            [-42, -123],
            [-61, -38],
            [-27, -70],
            [-64, -53],
            [132, -81],
            [-46, -70],
            [-122, -36],
            [-46, -41],
            [-74, -24]
        ],
        [
            [18871, 9934],
            [-31, 71],
            [35, 33],
            [-49, 68],
            [-57, 1],
            [-136, 46],
            [-81, 15],
            [-61, -14]
        ],
        [
            [18491, 10154],
            [-66, -15],
            [-62, 37],
            [-48, -14],
            [-87, 32],
            [-200, -1],
            [-41, -51],
            [-113, 37],
            [-162, -14],
            [-79, 78],
            [-28, 101],
            [3, 77],
            [-33, 81],
            [-63, 82],
            [1, 62],
            [78, 109],
            [-7, 79],
            [27, 79],
            [-64, 89],
            [-68, -28],
            [-158, 32],
            [-100, 69],
            [-75, 17],
            [-112, -35],
            [-33, 8]
        ],
        [
            [17001, 11065],
            [-1, 47],
            [-46, 25],
            [-123, -30],
            [-89, 20],
            [-52, -61],
            [-147, -3],
            [-65, 37],
            [15, 81],
            [-56, 15],
            [-64, -72],
            [-29, 12],
            [-13, 87],
            [41, 51],
            [-2, 54],
            [78, 136],
            [-1, 124],
            [-42, 116],
            [-3, 109],
            [32, 64],
            [64, 21],
            [10, 90],
            [-49, 125],
            [-53, 83]
        ],
        [
            [16657, 13667],
            [107, -45],
            [76, -12],
            [84, 29],
            [82, -5],
            [95, -67],
            [77, 47],
            [84, 21],
            [36, 65],
            [59, 41],
            [80, 99],
            [64, 151],
            [53, 36],
            [94, 11],
            [-5, 148],
            [51, 145],
            [56, 49],
            [60, 0],
            [22, -47],
            [101, -4],
            [58, -104],
            [66, -12],
            [23, 115],
            [164, -59],
            [78, 31],
            [120, 101],
            [73, -50],
            [93, -20],
            [93, 13],
            [61, 51],
            [55, 116],
            [56, 72],
            [83, 20],
            [127, 6],
            [33, -34],
            [255, 180],
            [33, 60],
            [62, 34],
            [194, -7],
            [40, 22],
            [43, 85],
            [87, 17],
            [43, 64],
            [86, -84],
            [51, 17],
            [54, 53],
            [75, -10],
            [76, 49],
            [120, -61],
            [41, 18],
            [72, 133],
            [68, 16],
            [23, -50],
            [58, -39],
            [101, -17],
            [69, 29],
            [137, -4],
            [122, -61]
        ],
        [
            [12728, 10506],
            [64, -25],
            [18, -62],
            [-66, 8],
            [-98, -62],
            [-53, -146],
            [-46, 24],
            [-55, -39],
            [-102, 15],
            [-45, -56],
            [11, -69],
            [-132, 1],
            [-50, 35],
            [23, 46],
            [103, 73],
            [144, 81],
            [170, 117],
            [114, 59]
        ],
        [
            [12848, 10619],
            [74, -71],
            [-22, -20],
            [-106, 24],
            [54, 67]
        ],
        [
            [17001, 11065],
            [-41, -46],
            [61, -122],
            [-11, -49],
            [-94, -52],
            [-90, 39],
            [-68, 9],
            [-116, -37],
            [-36, 50],
            [-132, -39],
            [-34, 136],
            [-134, -19],
            [-41, -41],
            [-60, -10],
            [-138, 18],
            [-80, -12],
            [-132, 60],
            [-130, 12],
            [-127, 105],
            [-119, 155],
            [-89, -29],
            [-47, 14],
            [-153, -40],
            [-74, 25],
            [-21, -29],
            [-125, -43],
            [-128, 50],
            [-105, -39],
            [-45, -71],
            [-87, -14],
            [-65, -89],
            [-151, -14],
            [-4, -81],
            [-83, -44],
            [-56, 16],
            [-9, -68],
            [-85, 1],
            [-55, -22],
            [11, -64],
            [-96, -50],
            [-29, -82],
            [-56, 18],
            [-48, 81],
            [-77, -12],
            [-16, -36],
            [31, -160],
            [-50, -40],
            [-106, -22],
            [-118, 49],
            [-158, -13],
            [-95, 48],
            [-56, -9],
            [-80, 32]
        ],
        [
            [13154, 10485],
            [29, 72],
            [-71, 115],
            [25, 144],
            [-11, 130],
            [-30, 181],
            [-89, 10],
            [-60, 71],
            [63, 66],
            [74, 155],
            [26, 110],
            [41, 50],
            [10, 95],
            [58, 82],
            [66, 145],
            [22, 110],
            [-80, 165],
            [161, 167],
            [67, 51],
            [105, 122],
            [-16, 72],
            [60, 15],
            [40, 100]
        ],
        [
            [14691, 2970],
            [62, -42],
            [-13, -50],
            [-179, -126],
            [-41, 47],
            [63, 68],
            [-15, 38],
            [43, 40],
            [80, 25]
        ],
        [
            [17880, 6113],
            [3, -118],
            [24, -52],
            [56, -24],
            [92, -9],
            [80, -77],
            [-11, -79],
            [14, -75],
            [-67, -59],
            [13, -71],
            [-6, -117],
            [-73, -132],
            [-229, -1],
            [-56, -66],
            [-23, -62],
            [-111, -10],
            [-6, -30],
            [-140, -12],
            [-72, 24],
            [32, -88],
            [-35, -46],
            [1, -58],
            [-123, -173],
            [-42, -40],
            [-55, -116],
            [12, -68],
            [-59, -85],
            [14, -111],
            [-42, -16],
            [-14, -111],
            [70, -112],
            [25, -150],
            [58, -63],
            [8, -64],
            [-42, -60],
            [-39, -151],
            [43, 1],
            [121, -62],
            [-10, -30],
            [96, -172],
            [-61, -53],
            [-146, -29],
            [-38, -83],
            [-32, -133],
            [33, -70],
            [70, -11],
            [32, -74],
            [112, -12],
            [49, -64],
            [28, -112],
            [-63, -59],
            [-59, -4],
            [-3, -68],
            [71, -26],
            [64, -113],
            [-14, -55],
            [24, -69],
            [103, 39],
            [69, -43],
            [88, -83],
            [127, -19],
            [53, -71],
            [195, 107]
        ],
        [
            [18089, 2263],
            [17, -107],
            [-31, -86],
            [14, -84],
            [-37, -52],
            [23, -147],
            [-11, -144],
            [26, -61],
            [-57, -49],
            [-2, -68],
            [32, -80],
            [63, -32],
            [-52, -108],
            [-3, -251],
            [50, -99],
            [-79, -55],
            [-14, -60],
            [-58, -37],
            [-16, -77],
            [-94, -52],
            [-102, -29],
            [-24, -234],
            [43, -105],
            [90, -104],
            [-4, -51],
            [34, -45],
            [-56, -46],
            [-49, 5],
            [-34, 62],
            [1, 50],
            [-59, 15],
            [-98, 118],
            [-61, -6],
            [-108, 56],
            [-89, 9],
            [-121, 101],
            [-76, -25],
            [-31, -37],
            [-10, -99],
            [-46, -51],
            [-2, -42],
            [-71, -9],
            [-120, 101],
            [7, 193],
            [23, 46],
            [-10, 61],
            [-52, 84],
            [-78, 58],
            [-56, 138],
            [12, 57],
            [61, 66],
            [8, 77],
            [45, 7],
            [9, 95],
            [-43, 78],
            [116, 67],
            [-11, 86],
            [-41, 104],
            [-75, 115],
            [12, 62],
            [-55, 202],
            [-47, 109],
            [6, 77],
            [-83, 108],
            [-1, 40],
            [-93, 62],
            [-57, 83],
            [19, 81],
            [-62, 147],
            [0, 68],
            [-43, 72],
            [-204, 193],
            [-41, 85],
            [-88, 88],
            [-236, 148],
            [-270, 127],
            [-329, 176],
            [-148, 130],
            [-19, 57],
            [-57, 2]
        ],
        [
            [14986, 3697],
            [8, 190],
            [-19, 131],
            [56, 169],
            [35, 19],
            [40, 95],
            [28, 154],
            [-8, 82],
            [-54, 54],
            [-25, 67],
            [14, 83],
            [5, 223],
            [39, 126],
            [33, 24],
            [54, 195],
            [-13, 277],
            [24, 155],
            [43, 96],
            [31, 196],
            [49, 48],
            [179, -42],
            [43, -20],
            [89, 28],
            [85, -24],
            [117, -2],
            [82, 61],
            [54, 64],
            [204, 161],
            [97, 15],
            [160, 62],
            [23, -52],
            [63, 17],
            [19, -129],
            [104, -16],
            [16, 37],
            [75, 12],
            [92, 102],
            [134, 1],
            [116, -47],
            [44, -51],
            [85, -57],
            [12, -48],
            [96, -91],
            [94, 46],
            [3, 62],
            [51, -6],
            [83, 43],
            [60, 52],
            [67, 3],
            [93, -92],
            [39, 36],
            [75, -93]
        ],
        [
            [22794, 305],
            [-49, 62],
            [69, 15],
            [-20, -77]
        ],
        [
            [22089, 1221],
            [57, -29],
            [255, 15],
            [52, -15],
            [43, 25],
            [29, -126],
            [-47, -69],
            [28, -85],
            [70, -54],
            [117, -46],
            [43, -44],
            [-65, -108],
            [-153, 14],
            [-50, 86],
            [-88, 54],
            [-67, -8],
            [-183, 162],
            [-14, 133],
            [-62, 67],
            [35, 28]
        ],
        [
            [22003, 5044],
            [121, -2],
            [-8, -150],
            [-61, -52],
            [34, -49],
            [-62, -37],
            [-61, 74],
            [-82, 16],
            [12, 79],
            [-66, 76],
            [3, 38],
            [93, -15],
            [77, 22]
        ],
        [
            [22025, 9911],
            [-71, -136],
            [-14, -87],
            [-47, -69],
            [-17, -97],
            [0, -123],
            [-30, -44],
            [0, -89],
            [-37, -125],
            [-99, -23],
            [-93, -134],
            [-36, -143],
            [-43, -54],
            [0, -49],
            [-39, -98],
            [36, -55],
            [-76, -86],
            [-70, -32],
            [-11, -78],
            [18, -83],
            [28, -28],
            [27, -106],
            [-43, -105],
            [-8, -70],
            [74, -72],
            [-27, -52],
            [-78, -16],
            [-80, -116],
            [-111, 4],
            [-72, -106],
            [10, -38],
            [-48, -46],
            [-20, -89],
            [-50, -121],
            [-15, -96],
            [-51, -26],
            [-45, -87],
            [13, -51],
            [-48, -81],
            [-140, -172],
            [-89, -60],
            [-18, -89],
            [-67, -132],
            [-33, -19],
            [-109, -173],
            [-48, -11],
            [-25, -75],
            [-178, -31],
            [-115, -87],
            [-26, -132],
            [65, -89],
            [23, -125],
            [-86, -35],
            [-43, -50],
            [-29, -147],
            [-72, -57],
            [-60, -25],
            [-77, -83],
            [-112, -98],
            [-177, -91],
            [-130, -45],
            [-113, -105],
            [-58, -38],
            [-106, -37],
            [-66, -61],
            [-46, -75],
            [-64, -192],
            [-22, -197],
            [-155, -126],
            [-56, -99],
            [-57, -175],
            [-60, -143],
            [-98, -341],
            [-147, -345],
            [-47, -87],
            [-40, -166],
            [-41, -43],
            [-50, -115],
            [-21, -172],
            [1, -197],
            [29, -201]
        ],
        [
            [17880, 6113],
            [32, 96],
            [-51, 22],
            [22, 70],
            [-35, 39],
            [-117, 19],
            [-88, 154],
            [31, 46],
            [-74, 147],
            [18, 112],
            [-25, 55],
            [61, 58],
            [13, 65],
            [59, 26],
            [7, 46],
            [121, 109],
            [19, 156],
            [105, 16],
            [12, 61],
            [-79, 102],
            [87, 151],
            [44, 110],
            [1, 64],
            [-28, 62],
            [18, 106],
            [-15, 53],
            [-59, 41],
            [121, 63],
            [23, 100],
            [92, 68],
            [-40, 64],
            [35, 87],
            [0, 118],
            [25, 58],
            [77, 46],
            [70, 2],
            [133, 132],
            [80, 98],
            [104, -2],
            [162, 81],
            [116, 28]
        ],
        [
            [18957, 9042],
            [69, 23],
            [115, -67],
            [38, -71],
            [2, -87],
            [50, -110],
            [90, -102],
            [58, 6],
            [108, -67],
            [134, -2],
            [69, -140],
            [98, -15],
            [41, 44],
            [96, 27],
            [92, -42],
            [57, -98],
            [6, -87],
            [73, -98],
            [12, -94],
            [125, -39],
            [49, -68],
            [72, 18],
            [55, -35],
            [61, -76],
            [-18, -66],
            [94, -19],
            [38, 35],
            [125, 30],
            [82, -4],
            [40, 43],
            [-11, 133],
            [27, 72],
            [-46, 99],
            [42, 91],
            [73, -3],
            [18, 68],
            [61, 134],
            [-2, 51],
            [63, 38],
            [-24, 53],
            [59, 101],
            [-13, 38],
            [121, 108],
            [-11, 169],
            [76, 96],
            [16, 64],
            [49, 7],
            [36, 94],
            [43, 63],
            [82, 58],
            [4, 33],
            [-110, 35],
            [-40, 127],
            [69, 89],
            [60, 132],
            [91, 86],
            [50, 9],
            [33, 60],
            [105, -25],
            [74, 6],
            [43, -61],
            [99, 5]
        ],
        [
            [23861, 15610],
            [-30, -81],
            [-105, -93],
            [-36, -54],
            [-26, -120],
            [-104, -101],
            [-75, -18],
            [-71, -111],
            [-223, -128],
            [-59, -75],
            [-31, -144],
            [37, -106],
            [-3, -135],
            [-57, -84],
            [-175, -121],
            [-61, -85],
            [-19, -71],
            [2, -110],
            [27, -85],
            [65, -116],
            [86, -71],
            [28, -67],
            [-129, -255],
            [-40, 55],
            [-42, -31],
            [-52, -84],
            [-6, -47],
            [32, -126],
            [-44, -145],
            [4, -74],
            [-49, -273],
            [-82, -179],
            [-16, -61],
            [-45, -58],
            [-27, -83],
            [-11, -101],
            [11, -166],
            [-36, -90],
            [-61, -106],
            [-36, -22],
            [-19, -71],
            [26, -87],
            [-47, -149],
            [-16, -124],
            [-52, -67],
            [-30, -123],
            [-8, -196],
            [-53, -188],
            [-70, -100],
            [-51, -220],
            [23, -145],
            [45, -50],
            [-93, -200],
            [-32, -157]
        ],
        [
            [18957, 9042],
            [23, 42],
            [96, 35],
            [11, 108],
            [-154, 91],
            [-31, 67],
            [-63, -29],
            [-68, 69],
            [-85, 14],
            [6, 77],
            [79, 76],
            [7, 60],
            [163, 72],
            [22, 128],
            [-43, 14],
            [-49, 68]
        ],
        [
            [21026, 15019],
            [59, 67],
            [4, 64],
            [53, 0],
            [42, 53],
            [119, 19],
            [4, 58],
            [-34, 99],
            [146, 107],
            [17, 79],
            [118, 0],
            [77, 92],
            [-16, 46],
            [20, 114],
            [39, 73],
            [69, 39]
        ],
        [
            [8514, 8553],
            [40, -5],
            [-27, -87],
            [-86, -88],
            [-112, 113],
            [29, 43],
            [156, 24]
        ],
        [
            [10073, 8829],
            [5, -49],
            [-77, -41],
            [2, 73],
            [70, 17]
        ],
        [
            [8865, 9688],
            [25, -43],
            [69, -2],
            [-4, -235],
            [-110, -5],
            [26, 79],
            [-16, 108],
            [25, 33],
            [-15, 65]
        ],
        [
            [7721, 9781],
            [53, -70],
            [-86, -7],
            [33, 77]
        ],
        [
            [9461, 11490],
            [74, -19],
            [111, -136],
            [-57, -20],
            [-30, -85],
            [92, -221],
            [79, -11],
            [60, -61],
            [104, 83],
            [117, -81],
            [24, 51],
            [59, -89],
            [0, -80],
            [88, -111],
            [-104, -28],
            [-14, 54],
            [-193, 5],
            [-74, -85],
            [-39, 3],
            [-108, -70],
            [-56, -76],
            [23, -103],
            [-122, 23],
            [-116, -27],
            [14, 59],
            [-44, 52],
            [-68, -15],
            [-40, 111],
            [90, -70],
            [48, 14],
            [15, -78],
            [173, 130],
            [-3, 64],
            [-73, 9],
            [-104, -33],
            [43, 111],
            [-88, 64],
            [-14, 80],
            [122, -16],
            [19, -62],
            [96, 19],
            [43, 56],
            [-24, 99],
            [14, 55],
            [-50, 41],
            [52, 29],
            [-97, 61],
            [20, 78],
            [-74, 71],
            [-31, 64],
            [-68, -16],
            [-31, -51],
            [-57, 32],
            [-77, -90],
            [5, -34],
            [-19, -25],
            [-68, -25],
            [-54, 7],
            [-9, -140],
            [19, -50],
            [-73, -143],
            [20, -100],
            [-113, 26],
            [-54, -35],
            [-67, 9],
            [25, 73],
            [67, -32],
            [62, 52],
            [11, 48],
            [-78, 92],
            [62, 11],
            [43, 73],
            [-62, 44],
            [19, 70],
            [62, 108],
            [128, -55],
            [61, 9],
            [55, 70],
            [35, 40],
            [8, 71],
            [97, 16],
            [94, 36]
        ],
        [
            [9645, 12002],
            [75, -80],
            [-75, -12],
            [-79, -45],
            [-19, 46],
            [98, 91]
        ],
        [
            [24054, 20906],
            [10, -67],
            [-97, -87],
            [-113, 51],
            [-40, -49],
            [-72, -27],
            [24, -49],
            [-4, -105],
            [109, -94],
            [-87, -84],
            [-108, -25],
            [-90, -2],
            [-131, 99],
            [-86, -4],
            [-71, 28],
            [-95, 72],
            [-121, 69],
            [-62, 129],
            [-21, 91],
            [-94, 45],
            [-13, 31],
            [84, 40],
            [68, -4],
            [54, 45],
            [129, 24],
            [89, 68],
            [51, 5],
            [66, 55]
        ],
        [
            [23433, 21161],
            [2, 2]
        ],
        [
            [23435, 21163],
            [2, 4]
        ],
        [
            [23437, 21167],
            [-16, -68],
            [108, -6],
            [164, -57],
            [112, 46],
            [60, -48],
            [122, -59],
            [91, 15],
            [-24, -84]
        ],
        [
            [18346, 18174],
            [-135, 27],
            [9, 30],
            [-68, 124],
            [-57, -47],
            [-107, -1],
            [-43, 33]
        ],
        [
            [17945, 18340],
            [123, 148],
            [-7, 197],
            [70, 208],
            [86, 110],
            [6, 49],
            [56, 39]
        ],
        [
            [18279, 19091],
            [100, -31],
            [29, -58],
            [69, -43],
            [296, -79],
            [117, -95],
            [32, -75],
            [13, -102],
            [31, -23],
            [18, -95],
            [-76, -33],
            [-48, 93],
            [-116, 58],
            [-67, -20],
            [17, -54],
            [-58, -33],
            [-64, 12],
            [-16, -56],
            [-89, -85],
            [-51, 12],
            [-52, -114],
            [-18, -96]
        ],
        [
            [22525, 21300],
            [86, -54],
            [-5, -73],
            [-41, -68],
            [84, -21],
            [39, -130],
            [55, -48],
            [-56, -148],
            [13, -24],
            [118, -36],
            [51, -45],
            [35, -67],
            [-28, -39],
            [-18, -130],
            [-34, -79],
            [36, -52],
            [186, -80],
            [104, 14],
            [-13, -43],
            [-138, 9],
            [-135, -46],
            [-90, 20],
            [-74, -37],
            [-13, -49],
            [30, -195],
            [125, -41],
            [-70, -48],
            [-75, -17],
            [-121, 39],
            [-115, -12],
            [-54, 104],
            [-106, 51],
            [-42, 60],
            [22, 36],
            [-96, 103],
            [-67, 11],
            [-58, -60],
            [-50, -16],
            [-59, 166],
            [34, 47],
            [82, 22],
            [32, 50],
            [6, 105],
            [-29, 84],
            [-89, 90],
            [-53, 25],
            [-97, 6],
            [-59, 35],
            [54, 157],
            [114, 121],
            [23, 3],
            [107, 142],
            [114, -21],
            [11, 61],
            [139, 65],
            [80, 125],
            [51, 6],
            [54, -78]
        ],
        [
            [23435, 21163],
            [-2, -2]
        ],
        [
            [24054, 20906],
            [46, -20],
            [75, 19],
            [-13, -76],
            [145, 30],
            [152, -37],
            [81, 12],
            [130, -34],
            [49, 30],
            [109, -20],
            [35, -85],
            [-52, -51],
            [-27, -67],
            [6, -76],
            [67, -39],
            [40, -57],
            [-18, -143],
            [37, -56],
            [83, -72],
            [174, 35],
            [168, -45],
            [51, -56],
            [-22, -57],
            [-45, -8],
            [-85, -66],
            [-117, -48]
        ],
        [
            [21927, 17924],
            [-46, 102],
            [8, 41],
            [-157, 61],
            [-99, 177],
            [-78, 194],
            [53, 57],
            [119, 91],
            [-74, 60],
            [-13, 109],
            [-42, 18],
            [-94, 132],
            [-85, 53],
            [-116, -18],
            [-47, -41],
            [-133, 32],
            [-35, 62],
            [8, 60],
            [-51, 63],
            [56, 33],
            [-58, 44],
            [-23, 81],
            [-65, 5],
            [-72, 42],
            [33, 60],
            [-57, 46],
            [110, 86],
            [-73, 10],
            [-49, 47],
            [61, 33],
            [27, 109],
            [-13, 110],
            [102, 31],
            [74, -29],
            [98, -7],
            [87, 46],
            [13, 75],
            [67, -13],
            [59, 37],
            [-37, 109],
            [96, 17],
            [-92, 73],
            [4, 55],
            [-40, 31],
            [31, 52],
            [-74, 76],
            [-62, 18],
            [-144, -6],
            [-39, 104],
            [-67, 15],
            [-92, 58],
            [-144, 27],
            [-30, 50],
            [-103, 36],
            [5, 50]
        ],
        [
            [20634, 20788],
            [52, 5],
            [61, 42],
            [129, -11],
            [219, 53],
            [72, 40],
            [167, 64],
            [-12, 28],
            [24, 102],
            [70, -59],
            [109, 120],
            [-96, 37],
            [4, 43],
            [91, 11],
            [1, 50],
            [79, 107],
            [33, 8],
            [110, 231],
            [65, -5],
            [60, 25],
            [61, 96],
            [187, 81],
            [109, 17],
            [49, 25],
            [3, 46],
            [109, -35],
            [65, 2],
            [59, 42],
            [56, 3],
            [127, -47],
            [71, -66],
            [100, -48],
            [73, -90],
            [-2, -125],
            [107, -115],
            [37, -61],
            [110, -72],
            [132, 41],
            [9, -44],
            [-53, -63],
            [44, -76],
            [67, 3],
            [45, -26]
        ],
        [
            [15197, 14913],
            [81, 47],
            [49, 64],
            [93, 199],
            [51, 56],
            [83, 183],
            [39, 40],
            [46, 112],
            [56, 30],
            [56, 96],
            [33, -3],
            [88, 96],
            [14, 63],
            [188, 256],
            [59, 55],
            [151, 210]
        ],
        [
            [16284, 16417],
            [44, -15],
            [73, -66],
            [60, -118],
            [98, -46],
            [89, -117],
            [56, -34],
            [41, -69],
            [101, -67],
            [152, -39],
            [185, -149],
            [166, -67],
            [143, -15],
            [79, -55],
            [105, -110],
            [156, -9],
            [116, 38],
            [195, -17],
            [47, 11],
            [71, 62],
            [-36, 207],
            [122, 47],
            [45, -25],
            [94, 1],
            [23, -27],
            [80, -10],
            [63, 15],
            [60, -39],
            [90, 14],
            [64, -77],
            [23, -56],
            [75, -43],
            [39, -48],
            [65, -12],
            [45, 23],
            [21, 73],
            [119, 78],
            [54, 11],
            [33, -42],
            [103, 45],
            [42, 42],
            [85, -2],
            [3, 36],
            [124, 150],
            [55, -10],
            [123, 17],
            [44, 85],
            [57, 46],
            [46, 4],
            [45, 97],
            [89, -6],
            [18, -88],
            [118, 11],
            [22, 88],
            [58, 54],
            [2, 92],
            [91, 32],
            [8, 84]
        ],
        [
            [20473, 16402],
            [6, -56],
            [66, -13],
            [236, 34],
            [78, 58]
        ],
        [
            [16492, 8574],
            [18, -45],
            [-32, -59],
            [-53, -33],
            [-44, -85],
            [23, -44],
            [-26, -53],
            [-128, -78],
            [-32, -73],
            [-70, -49],
            [-84, -135],
            [-2, -58],
            [-92, -126],
            [-33, -67],
            [-96, -100],
            [-160, -83],
            [-43, -54],
            [-131, -122],
            [-138, -85],
            [-29, -77],
            [-115, 2],
            [-36, -82],
            [-14, -81],
            [-53, 6],
            [-80, -152],
            [-30, -100],
            [-78, -156],
            [-45, -16],
            [-70, 55],
            [-142, -27],
            [-34, -66],
            [-85, -42],
            [-37, -58],
            [-140, -20],
            [-36, 59],
            [-74, 4],
            [-205, 36],
            [-43, -2],
            [-25, -59],
            [-90, 42],
            [-27, -50],
            [-89, 61],
            [-64, 13],
            [-10, 64],
            [-76, -37],
            [-184, 75],
            [-114, -62]
        ],
        [
            [13344, 6555],
            [-12, 49],
            [15, 89],
            [-21, 107],
            [-88, 163],
            [-157, 158],
            [-162, 126],
            [-151, 89],
            [-166, 74],
            [-26, -7],
            [-125, 161],
            [-69, -10],
            [-4, 56],
            [48, 176],
            [58, 108],
            [53, 44],
            [41, 187],
            [34, 103],
            [92, 190],
            [29, 141],
            [-8, 99],
            [57, 77],
            [27, 102],
            [19, 217],
            [95, 73],
            [19, 77],
            [-17, 62],
            [46, 53]
        ],
        [
            [12971, 9319],
            [200, -131],
            [1, -34],
            [116, -39],
            [82, -108],
            [85, 55],
            [83, -54],
            [109, 27],
            [113, 200],
            [112, 23],
            [79, 65],
            [-42, 24],
            [32, 50],
            [71, -26],
            [64, 13],
            [-15, 75],
            [60, 88],
            [118, 0],
            [1, 65],
            [70, -12],
            [76, 14],
            [107, 100],
            [207, 14],
            [187, 58],
            [92, -39],
            [98, 45],
            [235, -104],
            [35, -63],
            [76, 52],
            [54, -50],
            [-91, -49],
            [-15, -55],
            [143, -18],
            [50, -59],
            [-58, -56],
            [27, -52],
            [52, 5],
            [121, -52],
            [40, -51],
            [-115, -103],
            [23, -127],
            [-28, -27],
            [3, -91],
            [46, -103],
            [5, -64],
            [-72, -57],
            [51, -53],
            [97, -20],
            [87, -66],
            [69, 22],
            [87, -37],
            [53, 57],
            [68, 36],
            [84, -45],
            [122, 43],
            [166, -31]
        ],
        [
            [21421, 17394],
            [-77, -34],
            [-122, 47],
            [-62, 60],
            [-30, 92],
            [45, 93],
            [-52, 13],
            [-35, 63],
            [5, 147],
            [-88, 26],
            [-5, 56],
            [-63, 79],
            [-74, 43],
            [-94, -32],
            [-29, 17],
            [53, 157],
            [-62, 86],
            [63, 140],
            [-49, 55],
            [-150, 48],
            [-41, 45],
            [-84, 46],
            [18, 34],
            [-88, 41],
            [-2, 44],
            [-61, 7],
            [-109, -33],
            [-30, 84],
            [-62, -36],
            [-73, 70],
            [-88, 47],
            [-45, 45],
            [-111, 42],
            [-43, 49],
            [56, 86],
            [-38, 137],
            [-110, 11],
            [-30, -26],
            [-137, 27],
            [-29, 98],
            [-117, -28],
            [-197, 67],
            [-20, 65],
            [17, 42],
            [-36, 102],
            [-110, 63],
            [-127, -36],
            [-84, 36],
            [-110, -64],
            [-44, 24]
        ],
        [
            [18660, 19639],
            [-8, 1]
        ],
        [
            [18652, 19640],
            [30, 54],
            [78, 66],
            [83, 128],
            [-4, 68],
            [38, 42],
            [25, 83],
            [57, 79],
            [153, 148],
            [133, 41],
            [95, 43],
            [22, 42],
            [231, 89],
            [211, 49],
            [116, 60],
            [63, 14],
            [182, 91],
            [114, 34],
            [67, 3],
            [133, 51],
            [155, -37]
        ],
        [
            [16284, 16417],
            [62, 47],
            [179, 192],
            [126, 240],
            [46, 44],
            [57, 177],
            [52, 82],
            [56, 190],
            [40, 64],
            [93, 64],
            [54, 65],
            [50, 5],
            [67, 63],
            [11, 65],
            [123, 125],
            [80, 39],
            [227, 37],
            [218, 192],
            [34, 124],
            [86, 108]
        ],
        [
            [18346, 18174],
            [43, -34],
            [41, 25],
            [43, -45],
            [51, 43],
            [75, 6],
            [1, -81],
            [-59, -72],
            [75, -32],
            [0, -50],
            [136, -134],
            [72, -28],
            [41, -61],
            [190, -88],
            [65, -76],
            [55, 41],
            [81, -56],
            [49, -81],
            [12, -70],
            [-50, -56],
            [-32, -114],
            [-55, -47],
            [74, -43],
            [44, -52],
            [-18, -85],
            [-69, -34],
            [33, -158],
            [89, 18],
            [80, -31],
            [171, 88],
            [87, -22],
            [53, 34],
            [37, -38],
            [122, -22],
            [58, 32],
            [58, -14],
            [179, 60],
            [53, -47],
            [-22, -59],
            [65, -37],
            [90, -91],
            [14, -54],
            [90, -44],
            [23, -124],
            [-18, -39]
        ],
        [
            [18279, 19091],
            [92, 80],
            [48, 74],
            [40, 108],
            [41, 48],
            [71, 165],
            [81, 74]
        ],
        [
            [15138, 10468],
            [37, -15],
            [62, -98],
            [71, 40],
            [64, -10],
            [30, -86],
            [82, -9],
            [59, -102],
            [-94, -142],
            [-36, -3],
            [-82, 62],
            [-55, -2],
            [-74, -57],
            [-29, -51],
            [-88, -34],
            [-62, 83],
            [-5, 55],
            [-93, -5],
            [-26, 29],
            [-112, -14],
            [33, 55],
            [-38, 73],
            [8, 54],
            [60, 84],
            [54, -31],
            [30, 41],
            [55, 7],
            [50, 45],
            [99, 31]
        ],
        [
            [18491, 10154],
            [-192, -82],
            [-103, 11],
            [-104, -49],
            [-64, -101],
            [-101, -37],
            [-49, -36],
            [-99, -29],
            [-136, -287],
            [-157, -50],
            [-107, -93],
            [-34, -68],
            [-165, 13],
            [2, -57],
            [-70, -87],
            [-102, -52],
            [-11, -53],
            [-121, 19],
            [-51, -43],
            [-6, -81],
            [-66, -31],
            [-145, 35],
            [-92, 34],
            [-36, -27],
            [-54, 32],
            [-4, -130],
            [-31, -46],
            [24, -77],
            [42, -49],
            [33, -159]
        ],
        [
            [12971, 9319],
            [66, 151],
            [23, 137],
            [172, 7],
            [26, 57],
            [-11, 74],
            [-70, 0],
            [1, 108],
            [-27, 37],
            [29, 85],
            [-1, 81],
            [-34, 35],
            [4, 79],
            [70, 78],
            [14, 71],
            [-160, -45],
            [-59, 4],
            [-34, 43],
            [-3, 127],
            [54, 33],
            [100, -18],
            [23, 22]
        ],
        [
            [14986, 3697],
            [-149, 34],
            [-188, 112],
            [-146, 118],
            [-114, 76],
            [-2, 48],
            [-138, -90],
            [-57, 115],
            [26, 18],
            [60, -72],
            [33, 23],
            [-94, 112],
            [-56, 14],
            [25, 67],
            [-257, 285],
            [12, 57],
            [-62, 45],
            [47, 41],
            [-88, 172],
            [8, 72],
            [88, 86],
            [-15, 148],
            [-39, 123],
            [-289, 583],
            [-95, -15],
            [-49, 64],
            [102, 32],
            [-46, 150],
            [-43, 92],
            [-15, 100],
            [-101, 248]
        ]
    ],
    "objects": {
        "map": {
            "type": "GeometryCollection",
            "geometries": [{
                "arcs": [
                    [
                        [0]
                    ],
                    [
                        [1]
                    ],
                    [
                        [2]
                    ],
                    [
                        [3]
                    ],
                    [
                        [4]
                    ],
                    [
                        [5]
                    ]
                ],
                "type": "MultiPolygon",
                "properties": { "id": "09007", "name": "連江縣" }
            }, {
                "arcs": [
                    [
                        [6]
                    ],
                    [
                        [7]
                    ],
                    [
                        [8]
                    ]
                ],
                "type": "MultiPolygon",
                "properties": { "id": "09020", "name": "金門縣" }
            }, {
                "arcs": [
                    [
                        [9]
                    ],
                    [
                        [10, 11, 12, 13, 14, 15]
                    ],
                    [
                        [16]
                    ]
                ],
                "type": "MultiPolygon",
                "properties": { "id": "10002", "name": "宜蘭縣" }
            }, {
                "arcs": [
                    [17, 18, 19, 20]
                ],
                "type": "Polygon",
                "properties": { "id": "10007", "name": "彰化縣" }
            }, {
                "arcs": [
                    [21, 22, 23, 24, -19, 25]
                ],
                "type": "Polygon",
                "properties": { "id": "10008", "name": "南投縣" }
            }, {
                "arcs": [
                    [
                        [26]
                    ],
                    [
                        [27]
                    ],
                    [
                        [-25, 28, 29, -20]
                    ]
                ],
                "type": "MultiPolygon",
                "properties": { "id": "10009", "name": "雲林縣" }
            }, {
                "arcs": [
                    [
                        [30]
                    ],
                    [
                        [31, 32, 33]
                    ]
                ],
                "type": "MultiPolygon",
                "properties": { "id": "10013", "name": "屏東縣" }
            }, {
                "arcs": [
                    [
                        [34]
                    ],
                    [
                        [35]
                    ],
                    [
                        [36]
                    ],
                    [
                        [37, -32, 38, 39]
                    ]
                ],
                "type": "MultiPolygon",
                "properties": { "id": "10014", "name": "臺東縣" }
            }, {
                "arcs": [
                    [40, -40, 41, -22, 42, -12]
                ],
                "type": "Polygon",
                "properties": { "id": "10015", "name": "花蓮縣" }
            }, {
                "arcs": [
                    [
                        [43]
                    ],
                    [
                        [44]
                    ],
                    [
                        [45]
                    ],
                    [
                        [46]
                    ],
                    [
                        [47]
                    ],
                    [
                        [48]
                    ]
                ],
                "type": "MultiPolygon",
                "properties": { "id": "10016", "name": "澎湖縣" }
            }, {
                "arcs": [
                    [49, 50, 51, 52]
                ],
                "type": "Polygon",
                "properties": { "id": "10017", "name": "基隆市" }
            }, {
                "arcs": [
                    [53, 54, 55]
                ],
                "type": "Polygon",
                "properties": { "id": "10018", "name": "新竹市" }
            }, {
                "arcs": [
                    [56]
                ],
                "type": "Polygon",
                "properties": { "id": "63", "name": "臺北市" }
            }, {
                "arcs": [
                    [-52, 57, -50, 58, -16, 59, 60],
                    [-57]
                ],
                "type": "Polygon",
                "properties": { "id": "65", "name": "新北市" }
            }, {
                "arcs": [
                    [-43, -26, -18, 61, 62, 63, -13]
                ],
                "type": "Polygon",
                "properties": { "id": "66", "name": "臺中市" }
            }, {
                "arcs": [
                    [64, 65, 66]
                ],
                "type": "Polygon",
                "properties": { "id": "67", "name": "臺南市" }
            }, {
                "arcs": [
                    [-60, -15, 67, 68, 69]
                ],
                "type": "Polygon",
                "properties": { "id": "68", "name": "桃園市" }
            }, {
                "arcs": [
                    [-63, 70, -54, 71]
                ],
                "type": "Polygon",
                "properties": { "id": "10005", "name": "苗栗縣" }
            }, {
                "arcs": [
                    [-56, 72, -69, -68, -14, -64, -72]
                ],
                "type": "Polygon",
                "properties": { "id": "10004", "name": "新竹縣" }
            }, {
                "arcs": [
                    [73]
                ],
                "type": "Polygon",
                "properties": { "id": "10020", "name": "嘉義市" }
            }, {
                "arcs": [
                    [-24, 74, -67, 75, -29],
                    [-74]
                ],
                "type": "Polygon",
                "properties": { "id": "10010", "name": "嘉義縣" }
            }, {
                "arcs": [
                    [-65, -75, -23, -42, -39, -34, 76]
                ],
                "type": "Polygon",
                "properties": { "id": "64", "name": "高雄市" }
            }]
        }
    }
}
