{ "type": "Topology", "bbox": [118.14555951500006, 24.16277344200006, 119.47920615500004, 24.999616759000048], "transform": { "scale": [0.0000921090296291169, 0.00008180286578690018], "translate": [118.14555951500006, 24.162773442000063] }, "arcs": [
        [
            [2161, 3038],
            [-37, -31],
            [-40, -85],
            [-36, -131],
            [-115, -63],
            [-58, 30],
            [-86, 17],
            [-60, 74],
            [-83, -3],
            [-17, 44],
            [-61, 70],
            [-129, 99],
            [31, 49],
            [108, 22],
            [123, 213],
            [8, 65]
        ],
        [
            [1709, 3408],
            [74, -51],
            [37, 30],
            [41, -11],
            [72, 73],
            [51, -44],
            [-58, -59],
            [81, -49],
            [-20, -77],
            [-36, -53],
            [42, -96],
            [60, 62],
            [108, -95]
        ],
        [
            [3510, 3605],
            [-99, -113],
            [-50, -22],
            [-97, 92],
            [-120, 153],
            [-24, 53],
            [-71, -8],
            [-49, -52],
            [-65, -28],
            [-68, -56],
            [-147, -66],
            [-40, 62],
            [-63, 6],
            [-44, 25],
            [-70, 108],
            [-45, 108]
        ],
        [
            [2458, 3867],
            [77, 73],
            [18, 75],
            [54, 29],
            [-21, 111],
            [3, 66],
            [87, 43],
            [52, 97],
            [43, 33],
            [-16, 79],
            [68, -15],
            [57, 38],
            [39, -27],
            [52, 26],
            [53, -34],
            [57, -4],
            [36, -109],
            [32, -49],
            [163, -55],
            [-12, -65],
            [24, -64],
            [44, -43],
            [-1, -56],
            [68, -86],
            [76, -7],
            [0, -40],
            [-62, -54],
            [8, -101],
            [24, -81],
            [29, -42]
        ],
        [
            [3510, 3605],
            [16, -30],
            [64, -24],
            [-43, -147],
            [-66, 9],
            [-60, -54],
            [63, -73],
            [-50, -78],
            [-45, -14],
            [-18, -77],
            [-33, -29],
            [-51, 2],
            [-54, -54],
            [-82, -37],
            [-98, -12],
            [68, 114],
            [-61, 91],
            [-184, 57],
            [6, 35],
            [-91, 44],
            [-79, 10],
            [-104, -9],
            [-141, -39],
            [-133, -66]
        ],
        [
            [2334, 3224],
            [-19, 46],
            [28, 82],
            [-8, 139],
            [78, 117],
            [-15, 45],
            [-7, 149]
        ],
        [
            [2391, 3802],
            [67, 65]
        ],
        [
            [2334, 3224],
            [-72, -43],
            [-61, -56],
            [-40, -87]
        ],
        [
            [1709, 3408],
            [-9, 57],
            [-72, 120],
            [-2, 77],
            [-99, 153],
            [4, 50],
            [67, 134],
            [76, 46],
            [84, 26],
            [58, -3],
            [58, -29],
            [66, -67],
            [77, -106],
            [80, -49],
            [84, -11],
            [43, -30],
            [138, 0],
            [29, 26]
        ],
        [
            [14423, 10063],
            [56, -13],
            [-61, -89],
            [-76, 23],
            [-10, 36],
            [91, 43]
        ],
        [
            [14252, 10106],
            [-15, -52],
            [-100, 28],
            [-48, 112],
            [16, 36],
            [120, -57],
            [27, -67]
        ],
        [
            [161, 2638],
            [-59, -3],
            [-16, 66],
            [102, -28],
            [-27, -35]
        ],
        [
            [185, 2838],
            [28, -59],
            [63, -6],
            [20, -40],
            [-42, -26],
            [-69, 34],
            [-35, 88],
            [35, 9]
        ],
        [
            [1121, 3589],
            [122, -44],
            [62, -73],
            [37, -10],
            [-31, -218],
            [-36, -65],
            [-62, 31],
            [-80, -46],
            [1, -41],
            [-41, -48],
            [-75, 7],
            [-76, -26],
            [-69, -94],
            [-77, 55],
            [-47, 64],
            [31, 73],
            [-7, 89],
            [77, 105],
            [37, 137],
            [35, 51],
            [118, 49],
            [81, 4]
        ],
        [
            [1434, 3558],
            [-93, 3],
            [39, 48],
            [54, -51]
        ]
    ], "objects": { "map": { "type": "GeometryCollection", "geometries": [{ "arcs": [
                    [0, 1]
                ], "type": "Polygon", "properties": { "id": "0902001", "name": "金城鎮" } }, { "arcs": [
                    [2, 3]
                ], "type": "Polygon", "properties": { "id": "0902002", "name": "金沙鎮" } }, { "arcs": [
                    [4, 5, 6, -3]
                ], "type": "Polygon", "properties": { "id": "0902003", "name": "金湖鎮" } }, { "arcs": [
                    [-6, 7, -2, 8]
                ], "type": "Polygon", "properties": { "id": "0902004", "name": "金寧鄉" } }, { "arcs": [
                    [
                        [9]
                    ],
                    [
                        [10]
                    ]
                ], "type": "MultiPolygon", "properties": { "id": "0902006", "name": "烏坵鄉" } }, { "arcs": [
                    [
                        [11]
                    ],
                    [
                        [12]
                    ],
                    [
                        [13]
                    ],
                    [
                        [14]
                    ]
                ], "type": "MultiPolygon", "properties": { "id": "0902005", "name": "烈嶼鄉" } }] } } }
